step,epoch,loss,lr
1,1,1.0416,9.803921568627452e-08
2,1,1.9529,1.9607843137254904e-07
3,1,1.3616,2.9411764705882356e-07
4,1,1.1537,3.921568627450981e-07
5,1,0.8992,4.901960784313725e-07
6,1,1.2182,5.882352941176471e-07
7,1,1.1888,6.862745098039216e-07
8,1,1.1452,7.843137254901962e-07
9,1,1.0966,8.823529411764706e-07
10,1,1.4101,9.80392156862745e-07
11,1,1.2464,1.0784313725490197e-06
12,1,1.1835,1.1764705882352942e-06
13,1,1.2623,1.2745098039215688e-06
14,1,1.172,1.3725490196078432e-06
15,1,1.1595,1.4705882352941177e-06
16,1,1.316,1.5686274509803923e-06
17,1,1.194,1.6666666666666667e-06
18,1,1.0956,1.7647058823529412e-06
19,1,1.5964,1.8627450980392158e-06
20,1,1.1637,1.96078431372549e-06
21,1,1.5308,2.058823529411765e-06
22,1,1.2145,2.1568627450980393e-06
23,1,1.015,2.2549019607843137e-06
24,1,1.0132,2.3529411764705885e-06
25,1,1.0644,2.450980392156863e-06
26,1,1.3043,2.5490196078431376e-06
27,1,1.5759,2.647058823529412e-06
28,1,1.0318,2.7450980392156863e-06
29,1,1.0543,2.8431372549019607e-06
30,1,0.8434,2.9411764705882355e-06
31,1,1.6604,3.03921568627451e-06
32,1,1.0912,3.1372549019607846e-06
33,1,1.1225,3.235294117647059e-06
34,1,0.7361,3.3333333333333333e-06
35,1,1.0246,3.4313725490196077e-06
36,1,0.9781,3.5294117647058825e-06
37,1,1.4355,3.627450980392157e-06
38,1,1.3044,3.7254901960784316e-06
39,1,1.5739,3.8235294117647055e-06
40,1,0.9448,3.92156862745098e-06
41,1,0.9252,4.019607843137255e-06
42,1,1.3213,4.11764705882353e-06
43,1,1.1373,4.215686274509804e-06
44,1,0.8687,4.313725490196079e-06
45,1,0.8801,4.411764705882353e-06
46,1,0.9213,4.509803921568627e-06
47,1,1.3747,4.607843137254902e-06
48,1,1.3206,4.705882352941177e-06
49,1,1.6405,4.803921568627451e-06
50,1,1.0624,4.901960784313726e-06
51,1,0.9532,4.9999999999999996e-06
52,1,1.2384,5.098039215686275e-06
53,1,1.3645,5.196078431372549e-06
54,1,1.0804,5.294117647058824e-06
55,1,1.1239,5.392156862745098e-06
56,1,1.1734,5.490196078431373e-06
57,1,1.5519,5.588235294117647e-06
58,1,0.9636,5.686274509803921e-06
59,1,0.8783,5.784313725490196e-06
60,1,1.1031,5.882352941176471e-06
61,1,1.0278,5.980392156862746e-06
62,1,0.9405,6.07843137254902e-06
63,1,0.8534,6.176470588235294e-06
64,1,1.171,6.274509803921569e-06
65,1,0.9287,6.372549019607843e-06
66,1,1.1227,6.470588235294118e-06
67,1,0.9509,6.568627450980393e-06
68,1,1.0622,6.666666666666667e-06
69,1,0.9958,6.7647058823529414e-06
70,1,1.1977,6.862745098039215e-06
71,1,1.21,6.960784313725491e-06
72,1,1.7423,7.058823529411765e-06
73,1,1.1428,7.15686274509804e-06
74,1,1.1891,7.254901960784314e-06
75,1,0.821,7.3529411764705884e-06
76,1,1.087,7.450980392156863e-06
77,1,1.1435,7.549019607843137e-06
78,1,1.0945,7.647058823529411e-06
79,1,0.9213,7.745098039215687e-06
80,1,1.1332,7.84313725490196e-06
81,1,0.9825,7.941176470588236e-06
82,1,1.237,8.03921568627451e-06
83,1,1.0372,8.137254901960784e-06
84,1,1.2889,8.23529411764706e-06
85,1,0.9192,8.333333333333334e-06
86,1,1.1326,8.431372549019608e-06
87,1,1.3579,8.529411764705882e-06
88,1,1.4031,8.627450980392157e-06
89,1,1.1048,8.725490196078433e-06
90,1,1.0655,8.823529411764707e-06
91,1,1.5212,8.92156862745098e-06
92,1,0.8621,9.019607843137255e-06
93,1,1.3016,9.117647058823529e-06
94,1,1.1736,9.215686274509804e-06
95,1,1.2443,9.313725490196078e-06
96,1,0.9017,9.411764705882354e-06
97,1,0.9186,9.509803921568628e-06
98,1,1.0533,9.607843137254902e-06
99,1,0.9366,9.705882352941177e-06
100,1,1.2517,9.803921568627451e-06
101,1,1.0229,9.901960784313725e-06
102,1,1.0895,9.999999999999999e-06
103,1,1.3357,1.0098039215686275e-05
104,1,1.5497,1.019607843137255e-05
105,1,1.2232,1.0294117647058824e-05
106,1,1.0064,1.0392156862745098e-05
107,1,0.9727,1.0490196078431372e-05
108,1,0.865,1.0588235294117648e-05
109,1,1.0477,1.0686274509803922e-05
110,1,0.6935,1.0784313725490196e-05
111,1,1.2969,1.0882352941176471e-05
112,1,0.9348,1.0980392156862745e-05
113,1,1.0333,1.1078431372549021e-05
114,1,1.0618,1.1176470588235295e-05
115,1,1.0267,1.1274509803921569e-05
116,1,0.951,1.1372549019607843e-05
117,1,1.1427,1.1470588235294117e-05
118,1,0.9777,1.1568627450980392e-05
119,1,1.0127,1.1666666666666668e-05
120,1,0.8334,1.1764705882352942e-05
121,1,0.9476,1.1862745098039216e-05
122,1,1.1275,1.1960784313725491e-05
123,1,0.8357,1.2058823529411765e-05
124,1,0.9133,1.215686274509804e-05
125,1,0.9491,1.2254901960784313e-05
126,1,0.8174,1.2352941176470587e-05
127,1,0.8088,1.2450980392156864e-05
128,1,0.8295,1.2549019607843138e-05
129,1,1.04,1.2647058823529412e-05
130,1,0.8459,1.2745098039215686e-05
131,1,0.8667,1.284313725490196e-05
132,1,1.4228,1.2941176470588236e-05
133,1,0.9192,1.303921568627451e-05
134,1,0.9797,1.3137254901960785e-05
135,1,0.7383,1.323529411764706e-05
136,1,0.952,1.3333333333333333e-05
137,1,0.8331,1.3431372549019609e-05
138,1,0.7018,1.3529411764705883e-05
139,1,0.7386,1.3627450980392157e-05
140,1,0.9225,1.372549019607843e-05
141,1,1.0828,1.3823529411764705e-05
142,1,1.247,1.3921568627450982e-05
143,1,1.0812,1.4019607843137256e-05
144,1,1.1706,1.411764705882353e-05
145,1,0.7966,1.4215686274509804e-05
146,1,0.9457,1.431372549019608e-05
147,1,0.6025,1.4411764705882353e-05
148,1,1.1764,1.4509803921568627e-05
149,1,0.8219,1.4607843137254901e-05
150,1,0.7632,1.4705882352941177e-05
151,1,1.0682,1.4803921568627453e-05
152,1,0.7839,1.4901960784313726e-05
153,1,0.7932,1.5e-05
154,1,1.1657,1.5098039215686274e-05
155,1,0.7864,1.5196078431372548e-05
156,1,1.0812,1.5294117647058822e-05
157,1,0.8037,1.5392156862745098e-05
158,1,1.0228,1.5490196078431373e-05
159,1,1.5,1.558823529411765e-05
160,1,1.3158,1.568627450980392e-05
161,1,0.9946,1.5784313725490197e-05
162,1,1.0217,1.5882352941176473e-05
163,1,1.0634,1.5980392156862745e-05
164,1,1.2931,1.607843137254902e-05
165,1,1.131,1.6176470588235293e-05
166,1,1.0321,1.627450980392157e-05
167,1,0.868,1.637254901960784e-05
168,1,0.6674,1.647058823529412e-05
169,1,0.9664,1.6568627450980395e-05
170,1,0.7568,1.6666666666666667e-05
171,1,0.9501,1.6764705882352943e-05
172,1,0.906,1.6862745098039215e-05
173,1,0.7715,1.696078431372549e-05
174,1,1.3276,1.7058823529411763e-05
175,1,1.0048,1.715686274509804e-05
176,1,0.9306,1.7254901960784314e-05
177,1,0.9982,1.735294117647059e-05
178,1,0.7629,1.7450980392156866e-05
179,1,0.8719,1.7549019607843138e-05
180,1,0.7357,1.7647058823529414e-05
181,1,0.8587,1.7745098039215686e-05
182,1,1.0775,1.784313725490196e-05
183,1,0.9532,1.7941176470588234e-05
184,1,1.0536,1.803921568627451e-05
185,1,1.1056,1.8137254901960785e-05
186,1,0.7961,1.8235294117647057e-05
187,1,0.7107,1.8333333333333336e-05
188,1,0.8538,1.843137254901961e-05
189,1,0.9647,1.8529411764705884e-05
190,1,0.9268,1.8627450980392156e-05
191,1,0.7966,1.8725490196078432e-05
192,1,1.3609,1.8823529411764708e-05
193,1,0.8158,1.892156862745098e-05
194,1,0.9204,1.9019607843137255e-05
195,1,0.8472,1.9117647058823528e-05
196,1,0.864,1.9215686274509803e-05
197,1,1.0282,1.931372549019608e-05
198,1,1.0367,1.9411764705882355e-05
199,1,1.1881,1.950980392156863e-05
200,1,0.903,1.9607843137254903e-05
201,1,0.7699,1.9705882352941178e-05
202,1,0.9146,1.980392156862745e-05
203,1,0.7293,1.9901960784313726e-05
204,2,0.8951,1.9999999999999998e-05
205,2,0.8694,2.0098039215686274e-05
206,2,0.994,2.019607843137255e-05
207,2,0.7004,2.0294117647058825e-05
208,2,0.6262,2.03921568627451e-05
209,2,0.9454,2.0490196078431373e-05
210,2,1.0283,2.058823529411765e-05
211,2,0.9023,2.068627450980392e-05
212,2,1.1066,2.0784313725490197e-05
213,2,0.8543,2.088235294117647e-05
214,2,1.1716,2.0980392156862744e-05
215,2,0.9392,2.107843137254902e-05
216,2,0.8217,2.1176470588235296e-05
217,2,0.7804,2.127450980392157e-05
218,2,0.9763,2.1372549019607844e-05
219,2,0.8997,2.147058823529412e-05
220,2,0.8501,2.156862745098039e-05
221,2,0.7651,2.1666666666666667e-05
222,2,0.8519,2.1764705882352943e-05
223,2,1.4023,2.1862745098039215e-05
224,2,0.8928,2.196078431372549e-05
225,2,0.6915,2.2058823529411766e-05
226,2,0.8519,2.2156862745098042e-05
227,2,0.8944,2.2254901960784314e-05
228,2,0.8676,2.235294117647059e-05
229,2,0.8933,2.2450980392156862e-05
230,2,0.6621,2.2549019607843138e-05
231,2,0.8083,2.2647058823529413e-05
232,2,1.1123,2.2745098039215685e-05
233,2,0.7291,2.284313725490196e-05
234,2,0.6565,2.2941176470588233e-05
235,2,1.0343,2.3039215686274512e-05
236,2,0.9679,2.3137254901960785e-05
237,2,0.7108,2.323529411764706e-05
238,2,0.9899,2.3333333333333336e-05
239,2,0.8002,2.3431372549019608e-05
240,2,1.1725,2.3529411764705884e-05
241,2,0.8099,2.3627450980392156e-05
242,2,0.7236,2.372549019607843e-05
243,2,0.7451,2.3823529411764704e-05
244,2,0.8343,2.3921568627450983e-05
245,2,0.7355,2.401960784313726e-05
246,2,1.1294,2.411764705882353e-05
247,2,0.808,2.4215686274509806e-05
248,2,1.1407,2.431372549019608e-05
249,2,0.8997,2.4411764705882354e-05
250,2,1.1065,2.4509803921568626e-05
251,2,0.6058,2.4607843137254902e-05
252,2,0.6606,2.4705882352941174e-05
253,2,0.9737,2.480392156862745e-05
254,2,0.8127,2.490196078431373e-05
255,2,0.6714,2.5e-05
256,2,0.7625,2.5098039215686277e-05
257,2,0.7882,2.519607843137255e-05
258,2,0.7727,2.5294117647058825e-05
259,2,0.8615,2.5392156862745097e-05
260,2,1.11,2.5490196078431373e-05
261,2,0.6278,2.5588235294117648e-05
262,2,0.8984,2.568627450980392e-05
263,2,0.7398,2.57843137254902e-05
264,2,0.6629,2.5882352941176472e-05
265,2,1.0117,2.5980392156862747e-05
266,2,0.8106,2.607843137254902e-05
267,2,0.819,2.6176470588235295e-05
268,2,0.7116,2.627450980392157e-05
269,2,0.7804,2.6372549019607843e-05
270,2,0.7496,2.647058823529412e-05
271,2,0.8121,2.656862745098039e-05
272,2,0.8631,2.6666666666666667e-05
273,2,0.8304,2.6764705882352942e-05
274,2,1.1865,2.6862745098039218e-05
275,2,0.8542,2.696078431372549e-05
276,2,0.6547,2.7058823529411766e-05
277,2,0.6121,2.715686274509804e-05
278,2,0.6342,2.7254901960784314e-05
279,2,0.8049,2.735294117647059e-05
280,2,0.712,2.745098039215686e-05
281,2,1.0319,2.7549019607843137e-05
282,2,0.8789,2.764705882352941e-05
283,2,0.7363,2.774509803921569e-05
284,2,0.8404,2.7843137254901964e-05
285,2,0.7046,2.7941176470588236e-05
286,2,0.7711,2.8039215686274512e-05
287,2,0.8821,2.8137254901960784e-05
288,2,0.9531,2.823529411764706e-05
289,2,0.9335,2.8333333333333332e-05
290,2,0.9495,2.8431372549019608e-05
291,2,0.492,2.8529411764705883e-05
292,2,0.7994,2.862745098039216e-05
293,2,0.9164,2.8725490196078435e-05
294,2,0.8247,2.8823529411764707e-05
295,2,0.6728,2.8921568627450982e-05
296,2,0.7033,2.9019607843137255e-05
297,2,0.813,2.911764705882353e-05
298,2,0.878,2.9215686274509802e-05
299,2,0.7296,2.9313725490196078e-05
300,2,0.8339,2.9411764705882354e-05
301,2,0.9591,2.9509803921568626e-05
302,2,1.0276,2.9607843137254905e-05
303,2,0.759,2.9705882352941177e-05
304,2,0.7827,2.9803921568627453e-05
305,2,0.757,2.9901960784313725e-05
306,2,0.668,3e-05
307,2,0.7548,2.998910675381264e-05
308,2,0.8265,2.9978213507625272e-05
309,2,0.7789,2.996732026143791e-05
310,2,1.4147,2.9956427015250544e-05
311,2,1.3706,2.9945533769063182e-05
312,2,0.9516,2.9934640522875816e-05
313,2,0.6085,2.9923747276688453e-05
314,2,0.8463,2.9912854030501088e-05
315,2,0.7565,2.9901960784313725e-05
316,2,0.6458,2.989106753812636e-05
317,2,0.8065,2.9880174291939e-05
318,2,0.7727,2.9869281045751638e-05
319,2,1.0809,2.9858387799564272e-05
320,2,1.3812,2.984749455337691e-05
321,2,0.7356,2.9836601307189544e-05
322,2,0.6797,2.982570806100218e-05
323,2,0.6966,2.9814814814814815e-05
324,2,0.8213,2.9803921568627453e-05
325,2,0.686,2.9793028322440087e-05
326,2,0.7352,2.9782135076252725e-05
327,2,0.692,2.977124183006536e-05
328,2,0.8564,2.9760348583877996e-05
329,2,0.7992,2.9749455337690634e-05
330,2,0.5917,2.9738562091503268e-05
331,2,0.6288,2.9727668845315906e-05
332,2,0.7497,2.971677559912854e-05
333,2,0.7011,2.9705882352941177e-05
334,2,1.0013,2.969498910675381e-05
335,2,0.8963,2.968409586056645e-05
336,2,0.6091,2.9673202614379083e-05
337,2,1.0528,2.966230936819172e-05
338,2,0.8577,2.9651416122004358e-05
339,2,0.6903,2.9640522875816996e-05
340,2,0.7106,2.962962962962963e-05
341,2,0.6644,2.9618736383442267e-05
342,2,0.5747,2.9607843137254905e-05
343,2,0.8017,2.959694989106754e-05
344,2,0.5058,2.9586056644880177e-05
345,2,0.5886,2.957516339869281e-05
346,2,0.7223,2.956427015250545e-05
347,2,0.9725,2.9553376906318083e-05
348,2,0.7779,2.954248366013072e-05
349,2,1.1034,2.9531590413943354e-05
350,2,0.7401,2.9520697167755992e-05
351,2,0.7206,2.9509803921568626e-05
352,2,0.9253,2.9498910675381264e-05
353,2,0.7567,2.94880174291939e-05
354,2,0.9542,2.9477124183006535e-05
355,2,0.772,2.9466230936819173e-05
356,2,0.6771,2.9455337690631807e-05
357,2,1.0076,2.9444444444444445e-05
358,2,0.6115,2.9433551198257082e-05
359,2,0.8651,2.942265795206972e-05
360,2,0.6885,2.9411764705882354e-05
361,2,0.8246,2.940087145969499e-05
362,2,0.6103,2.9389978213507625e-05
363,2,0.6823,2.9379084967320263e-05
364,2,0.884,2.93681917211329e-05
365,2,0.7915,2.9357298474945535e-05
366,2,0.5456,2.9346405228758172e-05
367,2,0.5532,2.9335511982570806e-05
368,2,0.5519,2.9324618736383444e-05
369,2,0.747,2.9313725490196078e-05
370,2,0.7347,2.9302832244008716e-05
371,2,0.5937,2.929193899782135e-05
372,2,0.5455,2.9281045751633987e-05
373,2,0.8049,2.927015250544662e-05
374,2,0.7986,2.925925925925926e-05
375,2,1.0539,2.9248366013071897e-05
376,2,0.7044,2.923747276688453e-05
377,2,0.8346,2.922657952069717e-05
378,2,0.724,2.9215686274509802e-05
379,2,0.6822,2.9204793028322443e-05
380,2,1.0584,2.9193899782135078e-05
381,2,0.874,2.9183006535947715e-05
382,2,0.7863,2.917211328976035e-05
383,2,0.8066,2.9161220043572987e-05
384,2,0.9175,2.915032679738562e-05
385,2,0.7998,2.913943355119826e-05
386,2,0.8499,2.9128540305010896e-05
387,2,1.0644,2.911764705882353e-05
388,2,0.5803,2.9106753812636168e-05
389,2,0.602,2.9095860566448802e-05
390,2,0.6332,2.908496732026144e-05
391,2,0.7819,2.9074074074074074e-05
392,2,0.3842,2.906318082788671e-05
393,2,0.6377,2.9052287581699345e-05
394,2,0.5239,2.9041394335511983e-05
395,2,0.5764,2.9030501089324617e-05
396,2,0.6339,2.9019607843137255e-05
397,2,0.6396,2.900871459694989e-05
398,2,0.679,2.8997821350762526e-05
399,2,1.0178,2.8986928104575164e-05
400,2,0.7257,2.89760348583878e-05
401,2,0.627,2.896514161220044e-05
402,2,0.8012,2.8954248366013073e-05
403,2,0.9036,2.894335511982571e-05
404,2,0.6872,2.8932461873638345e-05
405,2,0.5664,2.8921568627450982e-05
406,2,0.8061,2.8910675381263617e-05
407,3,0.8514,2.8899782135076254e-05
408,3,0.6088,2.8888888888888888e-05
409,3,0.5941,2.8877995642701526e-05
410,3,0.765,2.8867102396514163e-05
411,3,0.6681,2.8856209150326797e-05
412,3,0.4237,2.8845315904139435e-05
413,3,0.6995,2.883442265795207e-05
414,3,0.6033,2.8823529411764707e-05
415,3,0.7026,2.881263616557734e-05
416,3,0.6675,2.880174291938998e-05
417,3,0.7351,2.8790849673202613e-05
418,3,0.7985,2.877995642701525e-05
419,3,0.6705,2.8769063180827884e-05
420,3,0.7266,2.8758169934640525e-05
421,3,0.5568,2.8747276688453163e-05
422,3,0.5359,2.8736383442265797e-05
423,3,0.769,2.8725490196078435e-05
424,3,0.9191,2.871459694989107e-05
425,3,0.6055,2.8703703703703706e-05
426,3,0.7535,2.869281045751634e-05
427,3,0.6559,2.8681917211328978e-05
428,3,0.5534,2.8671023965141612e-05
429,3,0.4806,2.866013071895425e-05
430,3,0.6557,2.8649237472766884e-05
431,3,0.6336,2.863834422657952e-05
432,3,0.7246,2.862745098039216e-05
433,3,0.5217,2.8616557734204793e-05
434,3,0.6182,2.860566448801743e-05
435,3,0.8106,2.8594771241830065e-05
436,3,0.6331,2.8583877995642702e-05
437,3,0.6188,2.8572984749455336e-05
438,3,0.7409,2.8562091503267974e-05
439,3,0.6534,2.8551198257080608e-05
440,3,0.5562,2.8540305010893246e-05
441,3,0.6248,2.8529411764705883e-05
442,3,0.7907,2.851851851851852e-05
443,3,0.8445,2.850762527233116e-05
444,3,0.867,2.8496732026143792e-05
445,3,0.7772,2.848583877995643e-05
446,3,0.6194,2.8474945533769064e-05
447,3,0.7316,2.8464052287581702e-05
448,3,0.7591,2.8453159041394336e-05
449,3,0.6727,2.8442265795206973e-05
450,3,0.9852,2.8431372549019608e-05
451,3,0.6105,2.8420479302832245e-05
452,3,0.6888,2.840958605664488e-05
453,3,0.5536,2.8398692810457517e-05
454,3,0.739,2.8387799564270154e-05
455,3,0.5818,2.837690631808279e-05
456,3,0.8462,2.8366013071895426e-05
457,3,0.8735,2.835511982570806e-05
458,3,0.5322,2.8344226579520698e-05
459,3,0.5901,2.8333333333333332e-05
460,3,0.8322,2.832244008714597e-05
461,3,0.6336,2.8311546840958604e-05
462,3,0.6671,2.8300653594771245e-05
463,3,0.6392,2.828976034858388e-05
464,3,0.7503,2.8278867102396516e-05
465,3,0.7811,2.826797385620915e-05
466,3,0.8271,2.8257080610021788e-05
467,3,0.5344,2.8246187363834426e-05
468,3,0.624,2.823529411764706e-05
469,3,0.5166,2.8224400871459697e-05
470,3,0.4436,2.821350762527233e-05
471,3,0.5273,2.820261437908497e-05
472,3,0.7631,2.8191721132897603e-05
473,3,0.6124,2.818082788671024e-05
474,3,0.6613,2.8169934640522875e-05
475,3,0.7725,2.8159041394335512e-05
476,3,0.7294,2.8148148148148147e-05
477,3,0.5956,2.8137254901960784e-05
478,3,0.7565,2.812636165577342e-05
479,3,0.5505,2.8115468409586056e-05
480,3,0.9756,2.8104575163398693e-05
481,3,1.2469,2.8093681917211328e-05
482,3,0.4437,2.8082788671023965e-05
483,3,0.6189,2.8071895424836603e-05
484,3,0.6265,2.806100217864924e-05
485,3,0.6659,2.8050108932461874e-05
486,3,0.8792,2.8039215686274512e-05
487,3,0.6248,2.8028322440087146e-05
488,3,0.6235,2.8017429193899784e-05
489,3,0.7986,2.800653594771242e-05
490,3,0.5684,2.7995642701525055e-05
491,3,0.4932,2.7984749455337693e-05
492,3,0.5636,2.7973856209150327e-05
493,3,0.6182,2.7962962962962965e-05
494,3,0.6508,2.79520697167756e-05
495,3,0.7624,2.7941176470588236e-05
496,3,0.6957,2.793028322440087e-05
497,3,0.733,2.7919389978213508e-05
498,3,0.6949,2.7908496732026142e-05
499,3,0.6545,2.789760348583878e-05
500,3,0.9428,2.7886710239651417e-05
501,3,0.5106,2.787581699346405e-05
502,3,0.3701,2.786492374727669e-05
503,3,0.5599,2.7854030501089326e-05
504,3,0.5172,2.7843137254901964e-05
505,3,0.7095,2.7832244008714598e-05
506,3,0.561,2.7821350762527236e-05
507,3,0.7473,2.781045751633987e-05
508,3,0.807,2.7799564270152507e-05
509,3,0.5366,2.778867102396514e-05
510,3,0.8392,2.777777777777778e-05
511,3,0.6817,2.7766884531590417e-05
512,3,0.4733,2.775599128540305e-05
513,3,1.4349,2.774509803921569e-05
514,3,0.5033,2.7734204793028323e-05
515,3,0.6505,2.772331154684096e-05
516,3,0.7033,2.7712418300653594e-05
517,3,0.8379,2.7701525054466232e-05
518,3,0.7183,2.7690631808278866e-05
519,3,0.6941,2.7679738562091503e-05
520,3,0.5406,2.7668845315904138e-05
521,3,0.7162,2.7657952069716775e-05
522,3,0.6979,2.764705882352941e-05
523,3,0.7427,2.7636165577342047e-05
524,3,0.4864,2.7625272331154688e-05
525,3,0.562,2.7614379084967322e-05
526,3,0.7326,2.760348583877996e-05
527,3,0.6544,2.7592592592592594e-05
528,3,0.6759,2.758169934640523e-05
529,3,0.5608,2.7570806100217865e-05
530,3,0.671,2.7559912854030503e-05
531,3,0.6486,2.7549019607843137e-05
532,3,0.7966,2.7538126361655775e-05
533,3,0.5758,2.752723311546841e-05
534,3,0.6191,2.7516339869281046e-05
535,3,0.492,2.7505446623093684e-05
536,3,0.6244,2.7494553376906318e-05
537,3,0.5493,2.7483660130718956e-05
538,3,0.5998,2.747276688453159e-05
539,3,0.6107,2.7461873638344227e-05
540,3,0.4924,2.745098039215686e-05
541,3,0.7811,2.74400871459695e-05
542,3,0.4919,2.7429193899782133e-05
543,3,0.8299,2.741830065359477e-05
544,3,0.5217,2.7407407407407408e-05
545,3,0.534,2.7396514161220046e-05
546,3,0.6436,2.7385620915032683e-05
547,3,0.4687,2.7374727668845318e-05
548,3,0.6643,2.7363834422657955e-05
549,3,0.8823,2.735294117647059e-05
550,3,0.7819,2.7342047930283227e-05
551,3,1.4898,2.733115468409586e-05
552,3,0.7474,2.73202614379085e-05
553,3,0.7901,2.7309368191721133e-05
554,3,0.4862,2.729847494553377e-05
555,3,0.6285,2.7287581699346404e-05
556,3,0.8961,2.7276688453159042e-05
557,3,0.7981,2.726579520697168e-05
558,3,0.4975,2.7254901960784314e-05
559,3,0.5821,2.724400871459695e-05
560,3,0.7285,2.7233115468409585e-05
561,3,1.2567,2.7222222222222223e-05
562,3,0.6502,2.7211328976034857e-05
563,3,0.451,2.7200435729847495e-05
564,3,0.5029,2.718954248366013e-05
565,3,1.0839,2.717864923747277e-05
566,3,0.6228,2.7167755991285404e-05
567,3,0.61,2.715686274509804e-05
568,3,0.6664,2.714596949891068e-05
569,3,0.6255,2.7135076252723313e-05
570,3,0.7997,2.712418300653595e-05
571,3,0.5393,2.7113289760348585e-05
572,3,0.7712,2.7102396514161222e-05
573,3,0.5827,2.7091503267973856e-05
574,3,0.4917,2.7080610021786494e-05
575,3,0.581,2.7069716775599128e-05
576,3,0.6579,2.7058823529411766e-05
577,3,0.7766,2.70479302832244e-05
578,3,0.5309,2.7037037037037037e-05
579,3,0.5069,2.702614379084967e-05
580,3,0.5732,2.701525054466231e-05
581,3,0.6601,2.7004357298474947e-05
582,3,1.0034,2.699346405228758e-05
583,3,0.5612,2.698257080610022e-05
584,3,0.6506,2.6971677559912853e-05
585,3,0.3335,2.696078431372549e-05
586,3,0.8107,2.6949891067538128e-05
587,3,0.662,2.6938997821350765e-05
588,3,0.6979,2.69281045751634e-05
589,3,0.4158,2.6917211328976037e-05
590,3,0.7116,2.690631808278867e-05
591,3,0.814,2.689542483660131e-05
592,3,0.5044,2.6884531590413946e-05
593,3,0.5654,2.687363834422658e-05
594,3,0.6365,2.6862745098039218e-05
595,3,0.5338,2.6851851851851852e-05
596,3,0.6165,2.684095860566449e-05
597,3,0.9774,2.6830065359477124e-05
598,3,0.6381,2.681917211328976e-05
599,3,0.6509,2.6808278867102395e-05
600,3,0.4479,2.6797385620915033e-05
601,3,0.5744,2.6786492374727667e-05
602,3,0.4384,2.6775599128540305e-05
603,3,0.8721,2.6764705882352942e-05
604,3,0.8502,2.6753812636165576e-05
605,3,0.6599,2.6742919389978214e-05
606,3,0.6204,2.6732026143790848e-05
607,3,0.6833,2.672113289760349e-05
608,3,0.387,2.6710239651416123e-05
609,3,0.6515,2.669934640522876e-05
610,4,0.544,2.6688453159041395e-05
611,4,0.9523,2.6677559912854032e-05
612,4,0.943,2.6666666666666667e-05
613,4,0.5814,2.6655773420479304e-05
614,4,0.4268,2.664488017429194e-05
615,4,0.6339,2.6633986928104576e-05
616,4,0.6358,2.6623093681917213e-05
617,4,0.9876,2.6612200435729848e-05
618,4,0.6147,2.6601307189542485e-05
619,4,0.5722,2.659041394335512e-05
620,4,0.7581,2.6579520697167757e-05
621,4,0.6106,2.656862745098039e-05
622,4,0.5193,2.655773420479303e-05
623,4,0.2946,2.6546840958605663e-05
624,4,0.5653,2.65359477124183e-05
625,4,0.5781,2.6525054466230938e-05
626,4,0.4835,2.6514161220043572e-05
627,4,0.4905,2.650326797385621e-05
628,4,0.5445,2.6492374727668847e-05
629,4,0.6622,2.6481481481481485e-05
630,4,0.6172,2.647058823529412e-05
631,4,1.0153,2.6459694989106756e-05
632,4,0.6877,2.644880174291939e-05
633,4,0.9546,2.6437908496732028e-05
634,4,0.6153,2.6427015250544662e-05
635,4,0.522,2.64161220043573e-05
636,4,0.6547,2.6405228758169934e-05
637,4,0.4335,2.639433551198257e-05
638,4,0.6497,2.638344226579521e-05
639,4,0.4851,2.6372549019607843e-05
640,4,0.5652,2.636165577342048e-05
641,4,0.5174,2.6350762527233115e-05
642,4,0.5544,2.6339869281045752e-05
643,4,0.6024,2.6328976034858386e-05
644,4,0.6004,2.6318082788671024e-05
645,4,0.5399,2.6307189542483658e-05
646,4,0.5747,2.6296296296296296e-05
647,4,0.449,2.628540305010893e-05
648,4,0.5279,2.627450980392157e-05
649,4,1.009,2.626361655773421e-05
650,4,0.915,2.6252723311546843e-05
651,4,0.6668,2.624183006535948e-05
652,4,0.6609,2.6230936819172114e-05
653,4,0.6725,2.6220043572984752e-05
654,4,0.5926,2.6209150326797386e-05
655,4,0.3828,2.6198257080610024e-05
656,4,0.5735,2.6187363834422658e-05
657,4,0.3175,2.6176470588235295e-05
658,4,0.5976,2.616557734204793e-05
659,4,0.6151,2.6154684095860567e-05
660,4,0.7525,2.6143790849673204e-05
661,4,0.7422,2.613289760348584e-05
662,4,0.3831,2.6122004357298476e-05
663,4,0.514,2.611111111111111e-05
664,4,0.6943,2.6100217864923748e-05
665,4,0.7176,2.6089324618736382e-05
666,4,0.5943,2.607843137254902e-05
667,4,0.7963,2.6067538126361654e-05
668,4,0.5444,2.605664488017429e-05
669,4,0.644,2.604575163398693e-05
670,4,0.5636,2.6034858387799566e-05
671,4,0.6822,2.6023965141612204e-05
672,4,0.6517,2.6013071895424838e-05
673,4,0.5581,2.6002178649237476e-05
674,4,0.4869,2.599128540305011e-05
675,4,0.782,2.5980392156862747e-05
676,4,0.787,2.596949891067538e-05
677,4,0.9723,2.595860566448802e-05
678,4,0.4887,2.5947712418300653e-05
679,4,0.6026,2.593681917211329e-05
680,4,0.5197,2.5925925925925925e-05
681,4,0.631,2.5915032679738562e-05
682,4,0.6823,2.59041394335512e-05
683,4,0.5529,2.5893246187363834e-05
684,4,0.4719,2.5882352941176472e-05
685,4,0.6425,2.5871459694989106e-05
686,4,0.6963,2.5860566448801743e-05
687,4,0.5409,2.5849673202614378e-05
688,4,0.45,2.5838779956427015e-05
689,4,0.4691,2.5827886710239653e-05
690,4,0.528,2.581699346405229e-05
691,4,0.6774,2.5806100217864924e-05
692,4,0.5718,2.5795206971677562e-05
693,4,0.4486,2.57843137254902e-05
694,4,0.5804,2.5773420479302834e-05
695,4,0.9927,2.576252723311547e-05
696,4,0.7199,2.5751633986928105e-05
697,4,0.4146,2.5740740740740743e-05
698,4,0.4777,2.5729847494553377e-05
699,4,0.5436,2.5718954248366015e-05
700,4,0.5502,2.570806100217865e-05
701,4,0.4704,2.5697167755991286e-05
702,4,0.5251,2.568627450980392e-05
703,4,0.4788,2.5675381263616558e-05
704,4,0.4419,2.5664488017429192e-05
705,4,0.4512,2.565359477124183e-05
706,4,0.4712,2.5642701525054467e-05
707,4,0.5574,2.56318082788671e-05
708,4,0.6282,2.562091503267974e-05
709,4,0.5427,2.5610021786492373e-05
710,4,0.6811,2.5599128540305014e-05
711,4,0.8966,2.5588235294117648e-05
712,4,0.7247,2.5577342047930286e-05
713,4,0.6134,2.556644880174292e-05
714,4,0.5893,2.5555555555555557e-05
715,4,0.5557,2.554466230936819e-05
716,4,0.5125,2.553376906318083e-05
717,4,0.6588,2.5522875816993467e-05
718,4,0.5169,2.55119825708061e-05
719,4,0.5702,2.550108932461874e-05
720,4,0.5339,2.5490196078431373e-05
721,4,0.5557,2.547930283224401e-05
722,4,0.4401,2.5468409586056644e-05
723,4,0.6304,2.5457516339869282e-05
724,4,0.5302,2.5446623093681916e-05
725,4,0.6272,2.5435729847494554e-05
726,4,0.5092,2.5424836601307188e-05
727,4,0.7574,2.5413943355119825e-05
728,4,0.4179,2.5403050108932463e-05
729,4,0.4419,2.5392156862745097e-05
730,4,0.6521,2.5381263616557734e-05
731,4,0.6758,2.5370370370370372e-05
732,4,0.3848,2.535947712418301e-05
733,4,0.5107,2.5348583877995644e-05
734,4,0.6709,2.533769063180828e-05
735,4,0.9812,2.5326797385620915e-05
736,4,0.5583,2.5315904139433553e-05
737,4,0.4854,2.5305010893246187e-05
738,4,0.443,2.5294117647058825e-05
739,4,0.5089,2.5283224400871462e-05
740,4,0.4855,2.5272331154684096e-05
741,4,0.8308,2.5261437908496734e-05
742,4,0.6123,2.5250544662309368e-05
743,4,1.1559,2.5239651416122006e-05
744,4,0.415,2.522875816993464e-05
745,4,0.4171,2.5217864923747277e-05
746,4,0.427,2.520697167755991e-05
747,4,0.4722,2.519607843137255e-05
748,4,0.4715,2.5185185185185183e-05
749,4,0.6407,2.517429193899782e-05
750,4,0.5968,2.516339869281046e-05
751,4,0.4132,2.5152505446623092e-05
752,4,0.558,2.5141612200435733e-05
753,4,1.2686,2.5130718954248368e-05
754,4,0.4846,2.5119825708061005e-05
755,4,0.5142,2.510893246187364e-05
756,4,0.5611,2.5098039215686277e-05
757,4,0.5877,2.508714596949891e-05
758,4,0.5914,2.507625272331155e-05
759,4,0.5412,2.5065359477124183e-05
760,4,0.6257,2.505446623093682e-05
761,4,0.6712,2.5043572984749454e-05
762,4,0.4933,2.5032679738562092e-05
763,4,0.5615,2.502178649237473e-05
764,4,0.6057,2.5010893246187364e-05
765,4,0.6121,2.5e-05
766,4,0.4923,2.4989106753812635e-05
767,4,0.4884,2.4978213507625273e-05
768,4,0.4484,2.4967320261437907e-05
769,4,0.7749,2.4956427015250545e-05
770,4,0.7032,2.494553376906318e-05
771,4,0.464,2.4934640522875816e-05
772,4,0.7212,2.4923747276688454e-05
773,4,1.1142,2.491285403050109e-05
774,4,0.816,2.490196078431373e-05
775,4,0.5648,2.4891067538126363e-05
776,4,0.3915,2.4880174291939e-05
777,4,0.4406,2.4869281045751635e-05
778,4,0.6018,2.4858387799564272e-05
779,4,0.7824,2.4847494553376907e-05
780,4,0.5017,2.4836601307189544e-05
781,4,0.5905,2.4825708061002178e-05
782,4,0.7124,2.4814814814814816e-05
783,4,0.6855,2.480392156862745e-05
784,4,0.5939,2.4793028322440087e-05
785,4,0.436,2.4782135076252725e-05
786,4,0.5953,2.477124183006536e-05
787,4,0.4066,2.4760348583877997e-05
788,4,0.4659,2.474945533769063e-05
789,4,0.5319,2.473856209150327e-05
790,4,0.8536,2.4727668845315903e-05
791,4,0.8493,2.471677559912854e-05
792,4,0.4028,2.4705882352941174e-05
793,4,0.8677,2.4694989106753815e-05
794,4,0.5107,2.468409586056645e-05
795,4,0.3484,2.4673202614379087e-05
796,4,0.9564,2.4662309368191724e-05
797,4,0.6093,2.465141612200436e-05
798,4,0.5713,2.4640522875816996e-05
799,4,0.556,2.462962962962963e-05
800,4,0.5745,2.4618736383442268e-05
801,4,0.8405,2.4607843137254902e-05
802,4,0.5479,2.459694989106754e-05
803,4,0.653,2.4586056644880174e-05
804,4,0.8446,2.457516339869281e-05
805,4,0.4855,2.4564270152505445e-05
806,4,0.6019,2.4553376906318083e-05
807,4,0.6264,2.454248366013072e-05
808,4,0.7251,2.4531590413943355e-05
809,4,0.4496,2.4520697167755992e-05
810,4,0.5091,2.4509803921568626e-05
811,4,0.4425,2.4498910675381264e-05
812,4,0.7147,2.4488017429193898e-05
813,5,0.6204,2.4477124183006536e-05
814,5,0.6578,2.4466230936819173e-05
815,5,0.4049,2.445533769063181e-05
816,5,0.6288,2.4444444444444445e-05
817,5,0.5967,2.4433551198257082e-05
818,5,0.5776,2.4422657952069717e-05
819,5,0.3868,2.4411764705882354e-05
820,5,0.4618,2.4400871459694992e-05
821,5,0.4035,2.4389978213507626e-05
822,5,0.3797,2.4379084967320263e-05
823,5,0.5684,2.4368191721132898e-05
824,5,0.5447,2.4357298474945535e-05
825,5,0.7556,2.434640522875817e-05
826,5,0.5299,2.4335511982570807e-05
827,5,0.5184,2.432461873638344e-05
828,5,0.49,2.431372549019608e-05
829,5,0.5117,2.4302832244008713e-05
830,5,0.6638,2.429193899782135e-05
831,5,0.4692,2.4281045751633988e-05
832,5,0.523,2.4270152505446622e-05
833,5,0.48,2.425925925925926e-05
834,5,0.4179,2.4248366013071897e-05
835,5,0.5489,2.4237472766884535e-05
836,5,0.5131,2.422657952069717e-05
837,5,0.7041,2.4215686274509806e-05
838,5,0.4881,2.420479302832244e-05
839,5,0.5112,2.4193899782135078e-05
840,5,0.6903,2.4183006535947712e-05
841,5,0.5891,2.417211328976035e-05
842,5,0.9133,2.4161220043572987e-05
843,5,0.9135,2.415032679738562e-05
844,5,0.4209,2.413943355119826e-05
845,5,0.7226,2.4128540305010893e-05
846,5,0.471,2.411764705882353e-05
847,5,0.5973,2.4106753812636165e-05
848,5,0.557,2.4095860566448802e-05
849,5,0.9732,2.4084967320261437e-05
850,5,0.5353,2.4074074074074074e-05
851,5,0.9031,2.4063180827886708e-05
852,5,0.518,2.4052287581699346e-05
853,5,0.8965,2.4041394335511983e-05
854,5,0.5216,2.4030501089324618e-05
855,5,0.6128,2.401960784313726e-05
856,5,0.5277,2.4008714596949893e-05
857,5,0.5189,2.399782135076253e-05
858,5,0.5806,2.3986928104575164e-05
859,5,0.5397,2.3976034858387802e-05
860,5,0.6728,2.3965141612200436e-05
861,5,0.4271,2.3954248366013074e-05
862,5,0.5535,2.3943355119825708e-05
863,5,0.9952,2.3932461873638345e-05
864,5,0.4386,2.3921568627450983e-05
865,5,0.6846,2.3910675381263617e-05
866,5,0.4634,2.3899782135076255e-05
867,5,0.615,2.388888888888889e-05
868,5,0.8073,2.3877995642701526e-05
869,5,0.6368,2.386710239651416e-05
870,5,0.4999,2.3856209150326798e-05
871,5,0.6879,2.3845315904139432e-05
872,5,0.4235,2.383442265795207e-05
873,5,0.4085,2.3823529411764704e-05
874,5,0.7437,2.381263616557734e-05
875,5,0.7049,2.3801742919389976e-05
876,5,0.6658,2.3790849673202616e-05
877,5,0.3583,2.3779956427015254e-05
878,5,0.2383,2.3769063180827888e-05
879,5,0.541,2.3758169934640526e-05
880,5,0.591,2.374727668845316e-05
881,5,0.4312,2.3736383442265797e-05
882,5,0.3716,2.372549019607843e-05
883,5,0.6658,2.371459694989107e-05
884,5,0.2662,2.3703703703703703e-05
885,5,0.694,2.369281045751634e-05
886,5,0.6777,2.3681917211328975e-05
887,5,0.4695,2.3671023965141613e-05
888,5,0.4146,2.366013071895425e-05
889,5,0.7184,2.3649237472766884e-05
890,5,0.5614,2.3638344226579522e-05
891,5,1.0803,2.3627450980392156e-05
892,5,0.5531,2.3616557734204793e-05
893,5,0.4597,2.3605664488017428e-05
894,5,0.6725,2.3594771241830065e-05
895,5,0.5726,2.35838779956427e-05
896,5,0.5753,2.3572984749455337e-05
897,5,0.3976,2.3562091503267974e-05
898,5,0.8219,2.3551198257080612e-05
899,5,0.8265,2.354030501089325e-05
900,5,0.3732,2.3529411764705884e-05
901,5,0.7251,2.351851851851852e-05
902,5,0.2718,2.3507625272331155e-05
903,5,0.4419,2.3496732026143793e-05
904,5,0.5077,2.3485838779956427e-05
905,5,0.5422,2.3474945533769065e-05
906,5,0.5504,2.34640522875817e-05
907,5,0.3913,2.3453159041394336e-05
908,5,0.6081,2.344226579520697e-05
909,5,0.7216,2.3431372549019608e-05
910,5,0.6579,2.3420479302832246e-05
911,5,0.6536,2.340958605664488e-05
912,5,0.4822,2.3398692810457517e-05
913,5,0.5262,2.338779956427015e-05
914,5,0.4927,2.337690631808279e-05
915,5,0.5722,2.3366013071895423e-05
916,5,0.9697,2.335511982570806e-05
917,5,0.603,2.3344226579520698e-05
918,5,0.87,2.3333333333333336e-05
919,5,0.6917,2.332244008714597e-05
920,5,0.4751,2.3311546840958608e-05
921,5,0.4193,2.3300653594771245e-05
922,5,0.4513,2.328976034858388e-05
923,5,0.5202,2.3278867102396517e-05
924,5,0.4007,2.326797385620915e-05
925,5,0.5217,2.325708061002179e-05
926,5,0.5431,2.3246187363834423e-05
927,5,0.6681,2.323529411764706e-05
928,5,0.4319,2.3224400871459694e-05
929,5,0.5138,2.3213507625272332e-05
930,5,0.6654,2.3202614379084966e-05
931,5,0.4476,2.3191721132897604e-05
932,5,0.4142,2.318082788671024e-05
933,5,0.4916,2.3169934640522875e-05
934,5,0.7108,2.3159041394335513e-05
935,5,0.4326,2.3148148148148147e-05
936,5,0.9949,2.3137254901960785e-05
937,5,0.8181,2.312636165577342e-05
938,5,0.5393,2.311546840958606e-05
939,5,0.6486,2.3104575163398694e-05
940,5,0.5782,2.309368191721133e-05
941,5,0.808,2.3082788671023966e-05
942,5,0.3512,2.3071895424836603e-05
943,5,0.6054,2.3061002178649237e-05
944,5,0.4489,2.3050108932461875e-05
945,5,0.6166,2.3039215686274512e-05
946,5,0.7214,2.3028322440087146e-05
947,5,0.5024,2.3017429193899784e-05
948,5,0.5989,2.3006535947712418e-05
949,5,0.7768,2.2995642701525056e-05
950,5,0.6515,2.298474945533769e-05
951,5,0.4627,2.2973856209150327e-05
952,5,0.5614,2.296296296296296e-05
953,5,0.5014,2.29520697167756e-05
954,5,0.5092,2.2941176470588233e-05
955,5,0.5412,2.293028322440087e-05
956,5,0.351,2.291938997821351e-05
957,5,0.8211,2.2908496732026143e-05
958,5,0.4805,2.289760348583878e-05
959,5,0.4888,2.2886710239651418e-05
960,5,0.516,2.2875816993464055e-05
961,5,0.4695,2.286492374727669e-05
962,5,0.5033,2.2854030501089327e-05
963,5,0.4699,2.284313725490196e-05
964,5,0.534,2.28322440087146e-05
965,5,0.5631,2.2821350762527233e-05
966,5,0.5207,2.281045751633987e-05
967,5,0.4639,2.2799564270152508e-05
968,5,0.6069,2.2788671023965142e-05
969,5,0.3204,2.277777777777778e-05
970,5,0.6744,2.2766884531590414e-05
971,5,0.7846,2.275599128540305e-05
972,5,0.4869,2.2745098039215685e-05
973,5,0.5903,2.2734204793028323e-05
974,5,0.7204,2.2723311546840957e-05
975,5,0.7029,2.2712418300653595e-05
976,5,0.5118,2.270152505446623e-05
977,5,0.5068,2.2690631808278866e-05
978,5,0.515,2.2679738562091504e-05
979,5,0.5231,2.266884531590414e-05
980,5,0.5649,2.265795206971678e-05
981,5,0.3838,2.2647058823529413e-05
982,5,0.5051,2.263616557734205e-05
983,5,0.4347,2.2625272331154685e-05
984,5,0.6281,2.2614379084967322e-05
985,5,0.6128,2.2603485838779957e-05
986,5,0.6,2.2592592592592594e-05
987,5,0.5268,2.2581699346405228e-05
988,5,0.4879,2.2570806100217866e-05
989,5,0.6107,2.2559912854030503e-05
990,5,0.4208,2.2549019607843138e-05
991,5,0.4995,2.2538126361655775e-05
992,5,0.4941,2.252723311546841e-05
993,5,0.6356,2.2516339869281047e-05
994,5,0.5507,2.250544662309368e-05
995,5,0.4491,2.249455337690632e-05
996,5,0.4416,2.2483660130718953e-05
997,5,0.4189,2.247276688453159e-05
998,5,0.4189,2.2461873638344224e-05
999,5,0.3906,2.2450980392156862e-05
1000,5,0.6413,2.24400871459695e-05
1001,5,0.57,2.2429193899782137e-05
1002,5,0.4719,2.2418300653594775e-05
1003,5,0.4862,2.240740740740741e-05
1004,5,0.5949,2.2396514161220046e-05
1005,5,0.615,2.238562091503268e-05
1006,5,0.6044,2.2374727668845318e-05
1007,5,0.2792,2.2363834422657952e-05
1008,5,0.4268,2.235294117647059e-05
1009,5,0.6508,2.2342047930283224e-05
1010,5,0.4855,2.233115468409586e-05
1011,5,0.3962,2.2320261437908496e-05
1012,5,0.452,2.2309368191721133e-05
1013,5,0.5827,2.229847494553377e-05
1014,5,0.4305,2.2287581699346405e-05
1015,5,0.4467,2.2276688453159042e-05
1016,6,0.668,2.2265795206971676e-05
1017,6,0.5116,2.2254901960784314e-05
1018,6,0.4067,2.2244008714596948e-05
1019,6,0.5563,2.2233115468409586e-05
1020,6,0.5927,2.222222222222222e-05
1021,6,0.5079,2.221132897603486e-05
1022,6,0.5371,2.2200435729847495e-05
1023,6,0.533,2.2189542483660133e-05
1024,6,0.4904,2.217864923747277e-05
1025,6,0.415,2.2167755991285404e-05
1026,6,0.7881,2.2156862745098042e-05
1027,6,0.3576,2.2145969498910676e-05
1028,6,0.4569,2.2135076252723313e-05
1029,6,0.7244,2.2124183006535948e-05
1030,6,0.275,2.2113289760348585e-05
1031,6,0.4472,2.210239651416122e-05
1032,6,0.5406,2.2091503267973857e-05
1033,6,0.403,2.208061002178649e-05
1034,6,0.5846,2.206971677559913e-05
1035,6,0.3481,2.2058823529411766e-05
1036,6,0.4532,2.20479302832244e-05
1037,6,0.7512,2.2037037037037038e-05
1038,6,0.6739,2.2026143790849672e-05
1039,6,0.5629,2.201525054466231e-05
1040,6,0.3729,2.2004357298474944e-05
1041,6,0.5952,2.199346405228758e-05
1042,6,0.5182,2.198257080610022e-05
1043,6,0.7269,2.1971677559912856e-05
1044,6,0.6323,2.196078431372549e-05
1045,6,0.5379,2.1949891067538128e-05
1046,6,0.5113,2.1938997821350766e-05
1047,6,0.4886,2.19281045751634e-05
1048,6,0.4605,2.1917211328976037e-05
1049,6,0.4507,2.190631808278867e-05
1050,6,0.4739,2.189542483660131e-05
1051,6,0.3979,2.1884531590413943e-05
1052,6,0.6035,2.187363834422658e-05
1053,6,0.4677,2.1862745098039215e-05
1054,6,0.7381,2.1851851851851852e-05
1055,6,0.5147,2.1840958605664487e-05
1056,6,0.6879,2.1830065359477124e-05
1057,6,0.4533,2.181917211328976e-05
1058,6,0.4759,2.1808278867102396e-05
1059,6,0.6621,2.1797385620915033e-05
1060,6,0.5059,2.1786492374727668e-05
1061,6,0.4992,2.1775599128540305e-05
1062,6,0.3397,2.1764705882352943e-05
1063,6,0.4261,2.175381263616558e-05
1064,6,0.5282,2.1742919389978214e-05
1065,6,0.3486,2.1732026143790852e-05
1066,6,0.4981,2.1721132897603486e-05
1067,6,0.4092,2.1710239651416124e-05
1068,6,1.1526,2.1699346405228758e-05
1069,6,0.3644,2.1688453159041395e-05
1070,6,0.6426,2.1677559912854033e-05
1071,6,0.5192,2.1666666666666667e-05
1072,6,0.3025,2.1655773420479305e-05
1073,6,0.4535,2.164488017429194e-05
1074,6,0.4787,2.1633986928104576e-05
1075,6,0.5908,2.162309368191721e-05
1076,6,0.6876,2.1612200435729848e-05
1077,6,0.7641,2.1601307189542482e-05
1078,6,0.4071,2.159041394335512e-05
1079,6,0.9567,2.1579520697167754e-05
1080,6,0.5012,2.156862745098039e-05
1081,6,0.5092,2.155773420479303e-05
1082,6,0.504,2.1546840958605663e-05
1083,6,0.4188,2.1535947712418304e-05
1084,6,0.5296,2.1525054466230938e-05
1085,6,0.3906,2.1514161220043576e-05
1086,6,0.5898,2.150326797385621e-05
1087,6,0.4448,2.1492374727668847e-05
1088,6,0.547,2.148148148148148e-05
1089,6,0.4408,2.147058823529412e-05
1090,6,0.5401,2.1459694989106753e-05
1091,6,0.4109,2.144880174291939e-05
1092,6,0.5013,2.143790849673203e-05
1093,6,0.532,2.1427015250544663e-05
1094,6,0.591,2.14161220043573e-05
1095,6,0.4236,2.1405228758169934e-05
1096,6,0.4666,2.1394335511982572e-05
1097,6,0.6478,2.1383442265795206e-05
1098,6,0.4095,2.1372549019607844e-05
1099,6,0.4057,2.1361655773420478e-05
1100,6,0.735,2.1350762527233115e-05
1101,6,0.5731,2.133986928104575e-05
1102,6,0.3393,2.1328976034858387e-05
1103,6,0.386,2.1318082788671024e-05
1104,6,0.7192,2.1307189542483662e-05
1105,6,0.5765,2.12962962962963e-05
1106,6,0.6146,2.1285403050108934e-05
1107,6,0.4847,2.127450980392157e-05
1108,6,0.5134,2.1263616557734205e-05
1109,6,0.3704,2.1252723311546843e-05
1110,6,0.6543,2.1241830065359477e-05
1111,6,0.4895,2.1230936819172115e-05
1112,6,0.505,2.122004357298475e-05
1113,6,0.4254,2.1209150326797386e-05
1114,6,0.6336,2.1198257080610024e-05
1115,6,0.5289,2.1187363834422658e-05
1116,6,0.5558,2.1176470588235296e-05
1117,6,0.6364,2.116557734204793e-05
1118,6,0.6206,2.1154684095860567e-05
1119,6,0.4682,2.11437908496732e-05
1120,6,0.5077,2.113289760348584e-05
1121,6,0.4875,2.1122004357298473e-05
1122,6,0.5367,2.111111111111111e-05
1123,6,0.5275,2.1100217864923745e-05
1124,6,0.4269,2.1089324618736386e-05
1125,6,0.3995,2.107843137254902e-05
1126,6,0.3967,2.1067538126361658e-05
1127,6,0.5698,2.1056644880174295e-05
1128,6,0.5891,2.104575163398693e-05
1129,6,0.37,2.1034858387799567e-05
1130,6,0.4004,2.10239651416122e-05
1131,6,0.6722,2.101307189542484e-05
1132,6,0.6042,2.1002178649237473e-05
1133,6,0.432,2.099128540305011e-05
1134,6,0.714,2.0980392156862744e-05
1135,6,0.4089,2.0969498910675382e-05
1136,6,0.343,2.0958605664488016e-05
1137,6,0.531,2.0947712418300654e-05
1138,6,0.5314,2.093681917211329e-05
1139,6,1.2878,2.0925925925925925e-05
1140,6,0.3462,2.0915032679738563e-05
1141,6,0.6661,2.0904139433551197e-05
1142,6,0.8467,2.0893246187363835e-05
1143,6,0.356,2.088235294117647e-05
1144,6,0.467,2.0871459694989106e-05
1145,6,0.408,2.0860566448801744e-05
1146,6,0.7013,2.084967320261438e-05
1147,6,0.5562,2.0838779956427016e-05
1148,6,0.4457,2.0827886710239653e-05
1149,6,0.6258,2.081699346405229e-05
1150,6,0.4015,2.0806100217864925e-05
1151,6,0.4152,2.0795206971677562e-05
1152,6,0.4396,2.0784313725490197e-05
1153,6,0.5154,2.0773420479302834e-05
1154,6,0.5253,2.0762527233115468e-05
1155,6,0.6259,2.0751633986928106e-05
1156,6,0.5092,2.074074074074074e-05
1157,6,0.5138,2.0729847494553377e-05
1158,6,0.4237,2.071895424836601e-05
1159,6,0.5098,2.070806100217865e-05
1160,6,0.3474,2.0697167755991287e-05
1161,6,0.6363,2.068627450980392e-05
1162,6,0.3652,2.067538126361656e-05
1163,6,0.4923,2.0664488017429193e-05
1164,6,0.5964,2.065359477124183e-05
1165,6,0.4317,2.0642701525054464e-05
1166,6,0.4525,2.0631808278867105e-05
1167,6,0.4886,2.062091503267974e-05
1168,6,0.4441,2.0610021786492377e-05
1169,6,0.276,2.059912854030501e-05
1170,6,0.523,2.058823529411765e-05
1171,6,0.4246,2.0577342047930286e-05
1172,6,0.5946,2.056644880174292e-05
1173,6,0.4083,2.0555555555555558e-05
1174,6,0.4584,2.0544662309368192e-05
1175,6,0.5727,2.053376906318083e-05
1176,6,0.5346,2.0522875816993464e-05
1177,6,0.5428,2.05119825708061e-05
1178,6,0.5346,2.0501089324618735e-05
1179,6,0.6106,2.0490196078431373e-05
1180,6,0.4244,2.0479302832244007e-05
1181,6,0.7577,2.0468409586056645e-05
1182,6,0.4625,2.045751633986928e-05
1183,6,0.5461,2.0446623093681916e-05
1184,6,0.8571,2.0435729847494554e-05
1185,6,0.7115,2.0424836601307188e-05
1186,6,0.6392,2.0413943355119826e-05
1187,6,0.7219,2.0403050108932463e-05
1188,6,0.6081,2.03921568627451e-05
1189,6,0.4105,2.0381263616557735e-05
1190,6,0.5417,2.0370370370370372e-05
1191,6,0.5647,2.0359477124183007e-05
1192,6,0.351,2.0348583877995644e-05
1193,6,0.2894,2.033769063180828e-05
1194,6,0.4259,2.0326797385620916e-05
1195,6,0.4402,2.0315904139433553e-05
1196,6,0.4858,2.0305010893246188e-05
1197,6,0.4722,2.0294117647058825e-05
1198,6,0.2722,2.028322440087146e-05
1199,6,0.4815,2.0272331154684097e-05
1200,6,0.3048,2.026143790849673e-05
1201,6,0.4101,2.025054466230937e-05
1202,6,0.6189,2.0239651416122003e-05
1203,6,0.7319,2.022875816993464e-05
1204,6,0.4252,2.0217864923747274e-05
1205,6,0.3892,2.0206971677559912e-05
1206,6,0.8666,2.019607843137255e-05
1207,6,0.4898,2.0185185185185187e-05
1208,6,1.0274,2.0174291938997825e-05
1209,6,0.6698,2.016339869281046e-05
1210,6,0.4144,2.0152505446623096e-05
1211,6,0.5478,2.014161220043573e-05
1212,6,0.4895,2.0130718954248368e-05
1213,6,1.4634,2.0119825708061002e-05
1214,6,0.482,2.010893246187364e-05
1215,6,0.3476,2.0098039215686274e-05
1216,6,0.3088,2.008714596949891e-05
1217,6,0.3521,2.007625272331155e-05
1218,6,0.2686,2.0065359477124183e-05
1219,7,0.5435,2.005446623093682e-05
1220,7,0.6014,2.0043572984749455e-05
1221,7,0.3353,2.0032679738562092e-05
1222,7,0.3738,2.0021786492374727e-05
1223,7,0.5889,2.0010893246187364e-05
1224,7,0.6784,1.9999999999999998e-05
1225,7,0.3971,1.9989106753812636e-05
1226,7,0.4061,1.997821350762527e-05
1227,7,0.2281,1.9967320261437908e-05
1228,7,0.7118,1.995642701525055e-05
1229,7,0.3214,1.9945533769063183e-05
1230,7,0.5286,1.993464052287582e-05
1231,7,0.5588,1.9923747276688454e-05
1232,7,0.4056,1.9912854030501092e-05
1233,7,0.7553,1.9901960784313726e-05
1234,7,0.7357,1.9891067538126364e-05
1235,7,0.4858,1.9880174291938998e-05
1236,7,0.5536,1.9869281045751635e-05
1237,7,0.3291,1.985838779956427e-05
1238,7,0.5211,1.9847494553376907e-05
1239,7,0.4851,1.983660130718954e-05
1240,7,0.4342,1.982570806100218e-05
1241,7,0.5516,1.9814814814814816e-05
1242,7,0.4835,1.980392156862745e-05
1243,7,0.5184,1.9793028322440088e-05
1244,7,0.3037,1.9782135076252722e-05
1245,7,0.2599,1.977124183006536e-05
1246,7,0.369,1.9760348583877994e-05
1247,7,0.5129,1.974945533769063e-05
1248,7,0.6131,1.9738562091503265e-05
1249,7,0.6097,1.9727668845315906e-05
1250,7,0.3575,1.971677559912854e-05
1251,7,0.463,1.9705882352941178e-05
1252,7,0.4479,1.9694989106753816e-05
1253,7,0.3996,1.968409586056645e-05
1254,7,0.4878,1.9673202614379087e-05
1255,7,0.3262,1.966230936819172e-05
1256,7,0.5061,1.965141612200436e-05
1257,7,0.3625,1.9640522875816993e-05
1258,7,0.3913,1.962962962962963e-05
1259,7,0.4271,1.9618736383442265e-05
1260,7,0.5015,1.9607843137254903e-05
1261,7,0.4747,1.9596949891067537e-05
1262,7,0.3241,1.9586056644880174e-05
1263,7,0.4543,1.9575163398692812e-05
1264,7,0.409,1.9564270152505446e-05
1265,7,0.3057,1.9553376906318083e-05
1266,7,0.6865,1.9542483660130718e-05
1267,7,0.353,1.9531590413943355e-05
1268,7,0.5034,1.952069716775599e-05
1269,7,0.4438,1.950980392156863e-05
1270,7,0.4192,1.9498910675381264e-05
1271,7,0.3875,1.9488017429193902e-05
1272,7,0.4259,1.9477124183006536e-05
1273,7,0.2584,1.9466230936819174e-05
1274,7,0.454,1.945533769063181e-05
1275,7,0.645,1.9444444444444445e-05
1276,7,0.3959,1.9433551198257083e-05
1277,7,0.7022,1.9422657952069717e-05
1278,7,0.642,1.9411764705882355e-05
1279,7,0.3669,1.940087145969499e-05
1280,7,0.5898,1.9389978213507626e-05
1281,7,0.3929,1.937908496732026e-05
1282,7,0.3651,1.9368191721132898e-05
1283,7,0.7292,1.9357298474945532e-05
1284,7,0.8902,1.934640522875817e-05
1285,7,0.6106,1.9335511982570807e-05
1286,7,0.3354,1.932461873638344e-05
1287,7,0.3752,1.931372549019608e-05
1288,7,0.4267,1.9302832244008713e-05
1289,7,0.5526,1.929193899782135e-05
1290,7,0.5323,1.9281045751633988e-05
1291,7,0.5676,1.9270152505446626e-05
1292,7,0.2813,1.925925925925926e-05
1293,7,0.4463,1.9248366013071898e-05
1294,7,0.3458,1.923747276688453e-05
1295,7,0.6374,1.922657952069717e-05
1296,7,0.9052,1.9215686274509803e-05
1297,7,0.7434,1.920479302832244e-05
1298,7,0.678,1.919389978213508e-05
1299,7,0.6588,1.9183006535947713e-05
1300,7,0.444,1.917211328976035e-05
1301,7,0.6889,1.9161220043572984e-05
1302,7,0.3745,1.9150326797385622e-05
1303,7,0.4116,1.9139433551198256e-05
1304,7,0.5646,1.9128540305010894e-05
1305,7,0.4691,1.9117647058823528e-05
1306,7,0.6879,1.9106753812636165e-05
1307,7,0.4922,1.90958605664488e-05
1308,7,0.5386,1.9084967320261437e-05
1309,7,0.4862,1.9074074074074075e-05
1310,7,0.4197,1.906318082788671e-05
1311,7,0.4346,1.905228758169935e-05
1312,7,0.6786,1.9041394335511984e-05
1313,7,0.293,1.903050108932462e-05
1314,7,0.3921,1.9019607843137255e-05
1315,7,0.4403,1.9008714596949893e-05
1316,7,0.421,1.8997821350762527e-05
1317,7,0.6443,1.8986928104575165e-05
1318,7,0.2917,1.89760348583878e-05
1319,7,0.7807,1.8965141612200436e-05
1320,7,0.5058,1.8954248366013074e-05
1321,7,0.3776,1.8943355119825708e-05
1322,7,0.5897,1.8932461873638346e-05
1323,7,0.7433,1.892156862745098e-05
1324,7,0.5069,1.8910675381263617e-05
1325,7,0.3608,1.889978213507625e-05
1326,7,0.6018,1.888888888888889e-05
1327,7,0.5094,1.8877995642701523e-05
1328,7,0.6285,1.886710239651416e-05
1329,7,0.4155,1.8856209150326795e-05
1330,7,0.6415,1.8845315904139433e-05
1331,7,0.6683,1.883442265795207e-05
1332,7,0.4482,1.8823529411764708e-05
1333,7,0.6298,1.8812636165577345e-05
1334,7,0.3938,1.880174291938998e-05
1335,7,0.3536,1.8790849673202617e-05
1336,7,0.3623,1.877995642701525e-05
1337,7,0.5149,1.876906318082789e-05
1338,7,0.5704,1.8758169934640523e-05
1339,7,0.4714,1.874727668845316e-05
1340,7,0.3832,1.8736383442265794e-05
1341,7,0.4188,1.8725490196078432e-05
1342,7,0.573,1.871459694989107e-05
1343,7,0.3831,1.8703703703703704e-05
1344,7,0.4475,1.869281045751634e-05
1345,7,0.6998,1.8681917211328975e-05
1346,7,0.5448,1.8671023965141613e-05
1347,7,0.4381,1.8660130718954247e-05
1348,7,0.443,1.8649237472766885e-05
1349,7,0.5167,1.863834422657952e-05
1350,7,0.5039,1.8627450980392156e-05
1351,7,0.4502,1.861655773420479e-05
1352,7,0.4732,1.860566448801743e-05
1353,7,0.5519,1.859477124183007e-05
1354,7,0.6214,1.8583877995642703e-05
1355,7,0.5473,1.857298474945534e-05
1356,7,0.3903,1.8562091503267975e-05
1357,7,0.5161,1.8551198257080612e-05
1358,7,0.564,1.8540305010893247e-05
1359,7,0.6346,1.8529411764705884e-05
1360,7,0.5214,1.8518518518518518e-05
1361,7,0.3259,1.8507625272331156e-05
1362,7,0.3914,1.849673202614379e-05
1363,7,0.6538,1.8485838779956428e-05
1364,7,0.619,1.847494553376906e-05
1365,7,0.4359,1.84640522875817e-05
1366,7,0.4747,1.8453159041394337e-05
1367,7,0.33,1.844226579520697e-05
1368,7,0.3902,1.843137254901961e-05
1369,7,0.4935,1.8420479302832243e-05
1370,7,0.4445,1.840958605664488e-05
1371,7,0.5249,1.8398692810457514e-05
1372,7,0.3718,1.8387799564270152e-05
1373,7,0.3393,1.837690631808279e-05
1374,7,0.5288,1.8366013071895427e-05
1375,7,0.4429,1.835511982570806e-05
1376,7,0.4893,1.83442265795207e-05
1377,7,0.4869,1.8333333333333336e-05
1378,7,0.3603,1.832244008714597e-05
1379,7,0.3912,1.8311546840958608e-05
1380,7,0.4296,1.8300653594771242e-05
1381,7,0.7401,1.828976034858388e-05
1382,7,0.4537,1.8278867102396514e-05
1383,7,0.357,1.826797385620915e-05
1384,7,0.4624,1.8257080610021786e-05
1385,7,0.2887,1.8246187363834423e-05
1386,7,0.6886,1.8235294117647057e-05
1387,7,0.3997,1.8224400871459695e-05
1388,7,0.547,1.8213507625272332e-05
1389,7,0.4366,1.8202614379084966e-05
1390,7,0.4352,1.8191721132897604e-05
1391,7,0.3657,1.8180827886710238e-05
1392,7,0.5433,1.8169934640522876e-05
1393,7,0.4953,1.815904139433551e-05
1394,7,0.5717,1.814814814814815e-05
1395,7,0.3395,1.8137254901960785e-05
1396,7,0.5385,1.8126361655773423e-05
1397,7,0.5127,1.8115468409586057e-05
1398,7,0.6025,1.8104575163398694e-05
1399,7,0.3495,1.8093681917211332e-05
1400,7,0.3467,1.8082788671023966e-05
1401,7,0.6878,1.8071895424836603e-05
1402,7,0.675,1.8061002178649238e-05
1403,7,0.5942,1.8050108932461875e-05
1404,7,0.3371,1.803921568627451e-05
1405,7,0.4041,1.8028322440087147e-05
1406,7,0.5523,1.801742919389978e-05
1407,7,0.4029,1.800653594771242e-05
1408,7,0.4272,1.7995642701525053e-05
1409,7,0.4831,1.798474945533769e-05
1410,7,0.3775,1.7973856209150328e-05
1411,7,0.4849,1.7962962962962962e-05
1412,7,0.3446,1.79520697167756e-05
1413,7,0.3445,1.7941176470588234e-05
1414,7,0.719,1.7930283224400875e-05
1415,7,0.4865,1.791938997821351e-05
1416,7,0.5724,1.7908496732026146e-05
1417,7,0.2583,1.789760348583878e-05
1418,7,0.4147,1.7886710239651418e-05
1419,7,0.3228,1.7875816993464052e-05
1420,7,0.3251,1.786492374727669e-05
1421,7,0.3796,1.7854030501089324e-05
1422,8,0.5802,1.784313725490196e-05
1423,8,0.3319,1.78322440087146e-05
1424,8,0.252,1.7821350762527233e-05
1425,8,0.5,1.781045751633987e-05
1426,8,0.3381,1.7799564270152505e-05
1427,8,0.7606,1.7788671023965142e-05
1428,8,0.279,1.7777777777777777e-05
1429,8,0.6176,1.7766884531590414e-05
1430,8,0.3726,1.7755991285403048e-05
1431,8,0.5879,1.7745098039215686e-05
1432,8,0.3739,1.773420479302832e-05
1433,8,0.7906,1.7723311546840958e-05
1434,8,0.4182,1.7712418300653595e-05
1435,8,0.42,1.7701525054466233e-05
1436,8,0.6228,1.769063180827887e-05
1437,8,0.5631,1.7679738562091504e-05
1438,8,0.4821,1.7668845315904142e-05
1439,8,0.5988,1.7657952069716776e-05
1440,8,0.3737,1.7647058823529414e-05
1441,8,0.7338,1.7636165577342048e-05
1442,8,0.4552,1.7625272331154685e-05
1443,8,0.543,1.761437908496732e-05
1444,8,0.4055,1.7603485838779957e-05
1445,8,0.5602,1.7592592592592595e-05
1446,8,0.4655,1.758169934640523e-05
1447,8,0.466,1.7570806100217866e-05
1448,8,0.3172,1.75599128540305e-05
1449,8,0.379,1.7549019607843138e-05
1450,8,0.467,1.7538126361655772e-05
1451,8,0.3572,1.752723311546841e-05
1452,8,0.2589,1.7516339869281044e-05
1453,8,0.2819,1.750544662309368e-05
1454,8,0.419,1.7494553376906316e-05
1455,8,0.3555,1.7483660130718953e-05
1456,8,0.4371,1.7472766884531594e-05
1457,8,0.42,1.7461873638344228e-05
1458,8,0.6101,1.7450980392156866e-05
1459,8,0.473,1.74400871459695e-05
1460,8,0.4469,1.7429193899782137e-05
1461,8,0.3931,1.741830065359477e-05
1462,8,0.4199,1.740740740740741e-05
1463,8,0.4235,1.7396514161220043e-05
1464,8,0.5321,1.738562091503268e-05
1465,8,0.5057,1.7374727668845315e-05
1466,8,0.2229,1.7363834422657953e-05
1467,8,0.4161,1.735294117647059e-05
1468,8,0.5816,1.7342047930283224e-05
1469,8,0.3871,1.7331154684095862e-05
1470,8,0.706,1.7320261437908496e-05
1471,8,0.4891,1.7309368191721134e-05
1472,8,0.4093,1.7298474945533768e-05
1473,8,0.3376,1.7287581699346405e-05
1474,8,0.5542,1.727668845315904e-05
1475,8,0.4514,1.7265795206971677e-05
1476,8,0.4454,1.7254901960784314e-05
1477,8,0.6233,1.7244008714596952e-05
1478,8,0.4212,1.7233115468409586e-05
1479,8,0.4899,1.7222222222222224e-05
1480,8,0.4631,1.721132897603486e-05
1481,8,0.4687,1.7200435729847495e-05
1482,8,0.6125,1.7189542483660133e-05
1483,8,0.3801,1.7178649237472767e-05
1484,8,0.4408,1.7167755991285405e-05
1485,8,0.4876,1.715686274509804e-05
1486,8,0.4301,1.7145969498910676e-05
1487,8,0.6654,1.713507625272331e-05
1488,8,0.3543,1.7124183006535948e-05
1489,8,0.6603,1.7113289760348582e-05
1490,8,0.4532,1.710239651416122e-05
1491,8,0.4173,1.7091503267973857e-05
1492,8,0.3455,1.708061002178649e-05
1493,8,0.3396,1.706971677559913e-05
1494,8,0.5349,1.7058823529411763e-05
1495,8,0.39,1.70479302832244e-05
1496,8,0.4238,1.7037037037037035e-05
1497,8,0.5425,1.7026143790849676e-05
1498,8,0.4119,1.701525054466231e-05
1499,8,0.5174,1.7004357298474948e-05
1500,8,0.5794,1.6993464052287582e-05
1501,8,0.3024,1.698257080610022e-05
1502,8,0.562,1.6971677559912857e-05
1503,8,0.3124,1.696078431372549e-05
1504,8,0.2915,1.694989106753813e-05
1505,8,0.3774,1.6938997821350763e-05
1506,8,0.39,1.69281045751634e-05
1507,8,0.453,1.6917211328976034e-05
1508,8,0.3679,1.6906318082788672e-05
1509,8,0.501,1.6895424836601306e-05
1510,8,0.2983,1.6884531590413944e-05
1511,8,0.5814,1.6873638344226578e-05
1512,8,0.4386,1.6862745098039215e-05
1513,8,0.5311,1.6851851851851853e-05
1514,8,0.5141,1.6840958605664487e-05
1515,8,0.3539,1.6830065359477125e-05
1516,8,0.6102,1.681917211328976e-05
1517,8,0.5452,1.6808278867102396e-05
1518,8,0.5254,1.6797385620915034e-05
1519,8,0.3561,1.678649237472767e-05
1520,8,0.4472,1.6775599128540306e-05
1521,8,0.5627,1.6764705882352943e-05
1522,8,0.2944,1.6753812636165577e-05
1523,8,0.4736,1.6742919389978215e-05
1524,8,0.373,1.6732026143790852e-05
1525,8,0.4778,1.6721132897603487e-05
1526,8,0.5006,1.6710239651416124e-05
1527,8,0.4688,1.6699346405228758e-05
1528,8,0.574,1.6688453159041396e-05
1529,8,0.7213,1.667755991285403e-05
1530,8,0.6909,1.6666666666666667e-05
1531,8,0.3629,1.66557734204793e-05
1532,8,0.5997,1.664488017429194e-05
1533,8,0.3405,1.6633986928104573e-05
1534,8,0.4884,1.662309368191721e-05
1535,8,0.3862,1.6612200435729845e-05
1536,8,0.644,1.6601307189542483e-05
1537,8,0.6528,1.659041394335512e-05
1538,8,0.4742,1.6579520697167754e-05
1539,8,0.4596,1.6568627450980395e-05
1540,8,0.3841,1.655773420479303e-05
1541,8,0.5128,1.6546840958605667e-05
1542,8,0.4344,1.65359477124183e-05
1543,8,0.341,1.652505446623094e-05
1544,8,0.3815,1.6514161220043573e-05
1545,8,0.6105,1.650326797385621e-05
1546,8,0.5214,1.6492374727668844e-05
1547,8,0.4266,1.6481481481481482e-05
1548,8,0.4185,1.647058823529412e-05
1549,8,0.6968,1.6459694989106754e-05
1550,8,0.3114,1.644880174291939e-05
1551,8,0.4314,1.6437908496732025e-05
1552,8,0.408,1.6427015250544663e-05
1553,8,0.3613,1.6416122004357297e-05
1554,8,0.4781,1.6405228758169935e-05
1555,8,0.3902,1.639433551198257e-05
1556,8,0.3256,1.6383442265795206e-05
1557,8,0.4211,1.637254901960784e-05
1558,8,0.3484,1.6361655773420478e-05
1559,8,0.3761,1.635076252723312e-05
1560,8,0.4972,1.6339869281045753e-05
1561,8,0.4563,1.632897603485839e-05
1562,8,0.5293,1.6318082788671025e-05
1563,8,0.3283,1.6307189542483662e-05
1564,8,0.4234,1.6296296296296297e-05
1565,8,0.6824,1.6285403050108934e-05
1566,8,0.5347,1.627450980392157e-05
1567,8,0.4272,1.6263616557734206e-05
1568,8,0.3456,1.625272331154684e-05
1569,8,0.4589,1.6241830065359478e-05
1570,8,0.6176,1.6230936819172115e-05
1571,8,0.2992,1.622004357298475e-05
1572,8,0.9193,1.6209150326797387e-05
1573,8,0.336,1.619825708061002e-05
1574,8,0.5072,1.618736383442266e-05
1575,8,0.337,1.6176470588235293e-05
1576,8,0.6586,1.616557734204793e-05
1577,8,0.4138,1.6154684095860564e-05
1578,8,0.4074,1.6143790849673202e-05
1579,8,0.4808,1.6132897603485836e-05
1580,8,0.587,1.6122004357298477e-05
1581,8,0.318,1.6111111111111115e-05
1582,8,0.7194,1.610021786492375e-05
1583,8,0.269,1.6089324618736386e-05
1584,8,0.3853,1.607843137254902e-05
1585,8,0.348,1.6067538126361658e-05
1586,8,0.3749,1.6056644880174292e-05
1587,8,0.3086,1.604575163398693e-05
1588,8,0.6526,1.6034858387799564e-05
1589,8,0.4286,1.60239651416122e-05
1590,8,0.3425,1.6013071895424836e-05
1591,8,0.3814,1.6002178649237473e-05
1592,8,0.3255,1.599128540305011e-05
1593,8,0.826,1.5980392156862745e-05
1594,8,0.3762,1.5969498910675382e-05
1595,8,0.389,1.5958605664488017e-05
1596,8,0.4513,1.5947712418300654e-05
1597,8,0.2206,1.5936819172113288e-05
1598,8,0.4309,1.5925925925925926e-05
1599,8,0.4676,1.591503267973856e-05
1600,8,0.2427,1.5904139433551197e-05
1601,8,0.4869,1.5893246187363835e-05
1602,8,0.285,1.5882352941176473e-05
1603,8,0.4045,1.5871459694989107e-05
1604,8,0.3969,1.5860566448801744e-05
1605,8,0.2293,1.5849673202614382e-05
1606,8,0.2642,1.5838779956427016e-05
1607,8,0.3541,1.5827886710239654e-05
1608,8,0.5407,1.5816993464052288e-05
1609,8,0.448,1.5806100217864925e-05
1610,8,0.4838,1.579520697167756e-05
1611,8,0.4093,1.5784313725490197e-05
1612,8,0.557,1.577342047930283e-05
1613,8,0.3651,1.576252723311547e-05
1614,8,0.4601,1.5751633986928103e-05
1615,8,0.4416,1.574074074074074e-05
1616,8,0.4734,1.5729847494553378e-05
1617,8,0.3033,1.5718954248366012e-05
1618,8,0.6394,1.570806100217865e-05
1619,8,0.3285,1.5697167755991284e-05
1620,8,0.4105,1.568627450980392e-05
1621,8,0.5076,1.567538126361656e-05
1622,8,0.3645,1.5664488017429196e-05
1623,8,0.4147,1.565359477124183e-05
1624,8,0.4465,1.5642701525054468e-05
1625,9,0.2698,1.5631808278867102e-05
1626,9,0.5857,1.562091503267974e-05
1627,9,0.5942,1.5610021786492377e-05
1628,9,0.3497,1.559912854030501e-05
1629,9,0.5383,1.558823529411765e-05
1630,9,0.4578,1.5577342047930283e-05
1631,9,0.3526,1.556644880174292e-05
1632,9,0.4229,1.5555555555555555e-05
1633,9,0.4399,1.5544662309368192e-05
1634,9,0.3356,1.5533769063180827e-05
1635,9,0.4586,1.5522875816993464e-05
1636,9,0.3224,1.55119825708061e-05
1637,9,0.2992,1.5501089324618736e-05
1638,9,0.368,1.5490196078431373e-05
1639,9,0.4601,1.5479302832244008e-05
1640,9,0.6613,1.5468409586056645e-05
1641,9,0.5242,1.545751633986928e-05
1642,9,0.3713,1.544662309368192e-05
1643,9,0.5385,1.5435729847494554e-05
1644,9,0.3734,1.5424836601307192e-05
1645,9,0.3602,1.5413943355119826e-05
1646,9,0.4551,1.5403050108932464e-05
1647,9,0.4203,1.5392156862745098e-05
1648,9,0.3995,1.5381263616557735e-05
1649,9,0.2019,1.5370370370370373e-05
1650,9,0.2171,1.5359477124183007e-05
1651,9,0.5982,1.5348583877995645e-05
1652,9,0.5323,1.533769063180828e-05
1653,9,0.5775,1.5326797385620916e-05
1654,9,0.3159,1.531590413943355e-05
1655,9,0.4277,1.5305010893246188e-05
1656,9,0.5954,1.5294117647058822e-05
1657,9,0.3611,1.528322440087146e-05
1658,9,0.398,1.5272331154684094e-05
1659,9,0.4318,1.526143790849673e-05
1660,9,1.0102,1.5250544662309367e-05
1661,9,0.6185,1.5239651416122005e-05
1662,9,0.5277,1.5228758169934642e-05
1663,9,0.2664,1.5217864923747277e-05
1664,9,0.4842,1.5206971677559914e-05
1665,9,0.9093,1.5196078431372548e-05
1666,9,0.4835,1.5185185185185186e-05
1667,9,0.4572,1.517429193899782e-05
1668,9,0.4827,1.516339869281046e-05
1669,9,0.3289,1.5152505446623093e-05
1670,9,0.5553,1.5141612200435731e-05
1671,9,0.6335,1.5130718954248365e-05
1672,9,0.4604,1.5119825708061003e-05
1673,9,0.3255,1.510893246187364e-05
1674,9,0.5719,1.5098039215686274e-05
1675,9,0.3892,1.5087145969498912e-05
1676,9,0.4502,1.5076252723311546e-05
1677,9,0.5086,1.5065359477124184e-05
1678,9,0.4354,1.505446623093682e-05
1679,9,0.4128,1.5043572984749457e-05
1680,9,0.5721,1.5032679738562091e-05
1681,9,0.5267,1.5021786492374729e-05
1682,9,0.4079,1.5010893246187363e-05
1683,9,0.3062,1.5e-05
1684,9,0.5062,1.4989106753812636e-05
1685,9,0.314,1.4978213507625272e-05
1686,9,0.4933,1.4967320261437908e-05
1687,9,0.4451,1.4956427015250544e-05
1688,9,0.302,1.494553376906318e-05
1689,9,0.3931,1.4934640522875819e-05
1690,9,0.3192,1.4923747276688455e-05
1691,9,0.3611,1.491285403050109e-05
1692,9,0.6448,1.4901960784313726e-05
1693,9,0.2968,1.4891067538126362e-05
1694,9,0.3306,1.4880174291938998e-05
1695,9,0.3223,1.4869281045751634e-05
1696,9,0.6665,1.485838779956427e-05
1697,9,0.5231,1.4847494553376906e-05
1698,9,0.4581,1.4836601307189542e-05
1699,9,0.7221,1.4825708061002179e-05
1700,9,0.2908,1.4814814814814815e-05
1701,9,0.1978,1.4803921568627453e-05
1702,9,0.4351,1.4793028322440088e-05
1703,9,0.4085,1.4782135076252724e-05
1704,9,0.5835,1.477124183006536e-05
1705,9,0.3982,1.4760348583877996e-05
1706,9,0.3776,1.4749455337690632e-05
1707,9,0.3557,1.4738562091503268e-05
1708,9,0.5598,1.4727668845315903e-05
1709,9,0.3629,1.4716775599128541e-05
1710,9,0.5111,1.4705882352941177e-05
1711,9,0.5714,1.4694989106753813e-05
1712,9,0.3751,1.468409586056645e-05
1713,9,0.6279,1.4673202614379086e-05
1714,9,0.5698,1.4662309368191722e-05
1715,9,0.4022,1.4651416122004358e-05
1716,9,0.3387,1.4640522875816994e-05
1717,9,0.5437,1.462962962962963e-05
1718,9,0.2878,1.4618736383442265e-05
1719,9,0.76,1.4607843137254901e-05
1720,9,0.2229,1.4596949891067539e-05
1721,9,0.2894,1.4586056644880175e-05
1722,9,0.3693,1.457516339869281e-05
1723,9,0.3222,1.4564270152505448e-05
1724,9,0.3705,1.4553376906318084e-05
1725,9,0.547,1.454248366013072e-05
1726,9,0.4451,1.4531590413943356e-05
1727,9,0.3916,1.4520697167755991e-05
1728,9,0.3951,1.4509803921568627e-05
1729,9,0.6029,1.4498910675381263e-05
1730,9,0.5964,1.44880174291939e-05
1731,9,0.4039,1.4477124183006537e-05
1732,9,0.7273,1.4466230936819172e-05
1733,9,0.4435,1.4455337690631808e-05
1734,9,0.3405,1.4444444444444444e-05
1735,9,0.4332,1.4433551198257082e-05
1736,9,0.5145,1.4422657952069718e-05
1737,9,0.4046,1.4411764705882353e-05
1738,9,0.4994,1.440087145969499e-05
1739,9,0.4785,1.4389978213507625e-05
1740,9,0.5038,1.4379084967320263e-05
1741,9,0.4815,1.4368191721132898e-05
1742,9,0.3924,1.4357298474945534e-05
1743,9,0.3276,1.434640522875817e-05
1744,9,0.3658,1.4335511982570806e-05
1745,9,0.248,1.4324618736383442e-05
1746,9,0.3723,1.431372549019608e-05
1747,9,0.5081,1.4302832244008715e-05
1748,9,0.4973,1.4291938997821351e-05
1749,9,0.3975,1.4281045751633987e-05
1750,9,0.3974,1.4270152505446623e-05
1751,9,0.479,1.425925925925926e-05
1752,9,0.4061,1.4248366013071896e-05
1753,9,0.3295,1.4237472766884532e-05
1754,9,0.4026,1.4226579520697168e-05
1755,9,0.562,1.4215686274509804e-05
1756,9,0.5253,1.420479302832244e-05
1757,9,0.4271,1.4193899782135077e-05
1758,9,0.5663,1.4183006535947713e-05
1759,9,0.4438,1.4172113289760349e-05
1760,9,0.435,1.4161220043572985e-05
1761,9,0.4979,1.4150326797385622e-05
1762,9,0.6953,1.4139433551198258e-05
1763,9,0.332,1.4128540305010894e-05
1764,9,0.3341,1.411764705882353e-05
1765,9,0.4515,1.4106753812636166e-05
1766,9,0.2582,1.4095860566448802e-05
1767,9,0.2768,1.4084967320261437e-05
1768,9,0.4314,1.4074074074074073e-05
1769,9,0.4053,1.406318082788671e-05
1770,9,0.6398,1.4052287581699347e-05
1771,9,0.3672,1.4041394335511983e-05
1772,9,0.3476,1.403050108932462e-05
1773,9,0.5467,1.4019607843137256e-05
1774,9,0.6109,1.4008714596949892e-05
1775,9,0.3013,1.3997821350762528e-05
1776,9,0.4343,1.3986928104575163e-05
1777,9,0.4603,1.39760348583878e-05
1778,9,0.3378,1.3965141612200435e-05
1779,9,0.4822,1.3954248366013071e-05
1780,9,0.4573,1.3943355119825709e-05
1781,9,0.4972,1.3932461873638344e-05
1782,9,0.3344,1.3921568627450982e-05
1783,9,0.4238,1.3910675381263618e-05
1784,9,0.3694,1.3899782135076254e-05
1785,9,0.3394,1.388888888888889e-05
1786,9,0.573,1.3877995642701525e-05
1787,9,0.4446,1.3867102396514161e-05
1788,9,0.2296,1.3856209150326797e-05
1789,9,0.4988,1.3845315904139433e-05
1790,9,0.4054,1.3834422657952069e-05
1791,9,0.4236,1.3823529411764705e-05
1792,9,0.3114,1.3812636165577344e-05
1793,9,0.4178,1.380174291938998e-05
1794,9,0.8165,1.3790849673202616e-05
1795,9,0.5832,1.3779956427015251e-05
1796,9,0.507,1.3769063180827887e-05
1797,9,0.3237,1.3758169934640523e-05
1798,9,0.3116,1.3747276688453159e-05
1799,9,0.3939,1.3736383442265795e-05
1800,9,0.2836,1.372549019607843e-05
1801,9,0.4129,1.3714596949891067e-05
1802,9,0.4287,1.3703703703703704e-05
1803,9,0.4674,1.3692810457516342e-05
1804,9,0.5589,1.3681917211328978e-05
1805,9,0.3401,1.3671023965141613e-05
1806,9,0.2609,1.366013071895425e-05
1807,9,0.239,1.3649237472766885e-05
1808,9,0.3535,1.3638344226579521e-05
1809,9,0.4795,1.3627450980392157e-05
1810,9,0.4381,1.3616557734204793e-05
1811,9,0.5096,1.3605664488017429e-05
1812,9,0.4281,1.3594771241830064e-05
1813,9,0.3951,1.3583877995642702e-05
1814,9,0.2848,1.357298474945534e-05
1815,9,0.267,1.3562091503267975e-05
1816,9,0.2298,1.3551198257080611e-05
1817,9,0.4095,1.3540305010893247e-05
1818,9,0.4127,1.3529411764705883e-05
1819,9,0.4683,1.3518518518518519e-05
1820,9,0.3571,1.3507625272331155e-05
1821,9,0.3987,1.349673202614379e-05
1822,9,0.3247,1.3485838779956426e-05
1823,9,0.4072,1.3474945533769064e-05
1824,9,0.5122,1.34640522875817e-05
1825,9,0.7673,1.3453159041394336e-05
1826,9,0.5364,1.3442265795206973e-05
1827,9,0.4196,1.3431372549019609e-05
1828,10,0.4193,1.3420479302832245e-05
1829,10,0.3616,1.340958605664488e-05
1830,10,0.5846,1.3398692810457516e-05
1831,10,0.3432,1.3387799564270152e-05
1832,10,0.4819,1.3376906318082788e-05
1833,10,0.2778,1.3366013071895424e-05
1834,10,0.5416,1.3355119825708062e-05
1835,10,0.3904,1.3344226579520697e-05
1836,10,0.4148,1.3333333333333333e-05
1837,10,0.2339,1.332244008714597e-05
1838,10,0.6133,1.3311546840958607e-05
1839,10,0.4932,1.3300653594771243e-05
1840,10,0.4625,1.3289760348583878e-05
1841,10,0.6509,1.3278867102396514e-05
1842,10,0.3979,1.326797385620915e-05
1843,10,0.4247,1.3257080610021786e-05
1844,10,0.5352,1.3246187363834424e-05
1845,10,0.498,1.323529411764706e-05
1846,10,0.3374,1.3224400871459695e-05
1847,10,0.3977,1.3213507625272331e-05
1848,10,0.532,1.3202614379084967e-05
1849,10,0.3902,1.3191721132897604e-05
1850,10,0.5152,1.318082788671024e-05
1851,10,0.3346,1.3169934640522876e-05
1852,10,0.357,1.3159041394335512e-05
1853,10,0.4435,1.3148148148148148e-05
1854,10,0.4302,1.3137254901960785e-05
1855,10,0.3038,1.3126361655773421e-05
1856,10,0.588,1.3115468409586057e-05
1857,10,0.4548,1.3104575163398693e-05
1858,10,0.5225,1.3093681917211329e-05
1859,10,0.4545,1.3082788671023965e-05
1860,10,0.6018,1.3071895424836602e-05
1861,10,0.4312,1.3061002178649238e-05
1862,10,0.4052,1.3050108932461874e-05
1863,10,0.4879,1.303921568627451e-05
1864,10,0.3638,1.3028322440087146e-05
1865,10,0.3879,1.3017429193899783e-05
1866,10,0.5205,1.3006535947712419e-05
1867,10,0.3149,1.2995642701525055e-05
1868,10,0.3831,1.298474945533769e-05
1869,10,0.5199,1.2973856209150327e-05
1870,10,0.3829,1.2962962962962962e-05
1871,10,0.4699,1.29520697167756e-05
1872,10,0.4736,1.2941176470588236e-05
1873,10,0.536,1.2930283224400872e-05
1874,10,0.3126,1.2919389978213508e-05
1875,10,0.4706,1.2908496732026145e-05
1876,10,0.3839,1.2897603485838781e-05
1877,10,0.4972,1.2886710239651417e-05
1878,10,0.4135,1.2875816993464053e-05
1879,10,0.5347,1.2864923747276689e-05
1880,10,0.3679,1.2854030501089324e-05
1881,10,0.3401,1.284313725490196e-05
1882,10,0.5381,1.2832244008714596e-05
1883,10,0.4702,1.2821350762527234e-05
1884,10,0.4312,1.281045751633987e-05
1885,10,0.3427,1.2799564270152507e-05
1886,10,0.4231,1.2788671023965143e-05
1887,10,0.3419,1.2777777777777779e-05
1888,10,0.5156,1.2766884531590415e-05
1889,10,0.4033,1.275599128540305e-05
1890,10,0.3769,1.2745098039215686e-05
1891,10,0.3569,1.2734204793028322e-05
1892,10,0.4718,1.2723311546840958e-05
1893,10,0.4038,1.2712418300653594e-05
1894,10,0.3649,1.2701525054466231e-05
1895,10,0.4499,1.2690631808278867e-05
1896,10,0.4645,1.2679738562091505e-05
1897,10,0.3382,1.266884531590414e-05
1898,10,0.3977,1.2657952069716776e-05
1899,10,0.4747,1.2647058823529412e-05
1900,10,0.2855,1.2636165577342048e-05
1901,10,0.277,1.2625272331154684e-05
1902,10,0.3905,1.261437908496732e-05
1903,10,0.3837,1.2603485838779956e-05
1904,10,0.5727,1.2592592592592592e-05
1905,10,0.3331,1.258169934640523e-05
1906,10,0.43,1.2570806100217867e-05
1907,10,0.403,1.2559912854030503e-05
1908,10,0.4881,1.2549019607843138e-05
1909,10,0.4016,1.2538126361655774e-05
1910,10,0.6863,1.252723311546841e-05
1911,10,0.3839,1.2516339869281046e-05
1912,10,0.3422,1.2505446623093682e-05
1913,10,0.3609,1.2494553376906318e-05
1914,10,0.3917,1.2483660130718954e-05
1915,10,0.3589,1.247276688453159e-05
1916,10,0.3726,1.2461873638344227e-05
1917,10,0.7138,1.2450980392156864e-05
1918,10,0.4692,1.24400871459695e-05
1919,10,0.6302,1.2429193899782136e-05
1920,10,0.2924,1.2418300653594772e-05
1921,10,0.3397,1.2407407407407408e-05
1922,10,0.5339,1.2396514161220044e-05
1923,10,0.3714,1.238562091503268e-05
1924,10,0.3696,1.2374727668845315e-05
1925,10,0.4596,1.2363834422657951e-05
1926,10,0.5043,1.2352941176470587e-05
1927,10,0.3332,1.2342047930283225e-05
1928,10,0.635,1.2331154684095862e-05
1929,10,0.3973,1.2320261437908498e-05
1930,10,0.33,1.2309368191721134e-05
1931,10,0.7271,1.229847494553377e-05
1932,10,0.4882,1.2287581699346406e-05
1933,10,0.4679,1.2276688453159042e-05
1934,10,0.3863,1.2265795206971677e-05
1935,10,0.5233,1.2254901960784313e-05
1936,10,0.4941,1.2244008714596949e-05
1937,10,0.4911,1.2233115468409587e-05
1938,10,0.4599,1.2222222222222222e-05
1939,10,0.3774,1.2211328976034858e-05
1940,10,0.3085,1.2200435729847496e-05
1941,10,0.3655,1.2189542483660132e-05
1942,10,0.4495,1.2178649237472768e-05
1943,10,0.3941,1.2167755991285403e-05
1944,10,0.6357,1.215686274509804e-05
1945,10,0.2403,1.2145969498910675e-05
1946,10,0.3347,1.2135076252723311e-05
1947,10,0.489,1.2124183006535949e-05
1948,10,0.3898,1.2113289760348584e-05
1949,10,0.3182,1.210239651416122e-05
1950,10,0.3393,1.2091503267973856e-05
1951,10,0.3954,1.2080610021786494e-05
1952,10,0.3925,1.206971677559913e-05
1953,10,0.6761,1.2058823529411765e-05
1954,10,0.423,1.2047930283224401e-05
1955,10,0.4589,1.2037037037037037e-05
1956,10,0.379,1.2026143790849673e-05
1957,10,0.6166,1.2015250544662309e-05
1958,10,0.3133,1.2004357298474946e-05
1959,10,0.4741,1.1993464052287582e-05
1960,10,0.3624,1.1982570806100218e-05
1961,10,0.3481,1.1971677559912854e-05
1962,10,0.4588,1.1960784313725491e-05
1963,10,0.4226,1.1949891067538127e-05
1964,10,0.3849,1.1938997821350763e-05
1965,10,0.4503,1.1928104575163399e-05
1966,10,0.5187,1.1917211328976035e-05
1967,10,0.4234,1.190631808278867e-05
1968,10,0.3666,1.1895424836601308e-05
1969,10,0.5446,1.1884531590413944e-05
1970,10,0.4449,1.187363834422658e-05
1971,10,0.4657,1.1862745098039216e-05
1972,10,0.2834,1.1851851851851852e-05
1973,10,0.3263,1.1840958605664487e-05
1974,10,0.336,1.1830065359477125e-05
1975,10,0.3696,1.1819172113289761e-05
1976,10,0.1948,1.1808278867102397e-05
1977,10,0.5546,1.1797385620915033e-05
1978,10,0.5089,1.1786492374727668e-05
1979,10,0.5988,1.1775599128540306e-05
1980,10,0.2768,1.1764705882352942e-05
1981,10,0.3261,1.1753812636165578e-05
1982,10,0.3769,1.1742919389978214e-05
1983,10,0.6078,1.173202614379085e-05
1984,10,0.3045,1.1721132897603485e-05
1985,10,0.4641,1.1710239651416123e-05
1986,10,0.579,1.1699346405228759e-05
1987,10,0.2605,1.1688453159041395e-05
1988,10,0.8866,1.167755991285403e-05
1989,10,0.6355,1.1666666666666668e-05
1990,10,0.381,1.1655773420479304e-05
1991,10,0.5277,1.164488017429194e-05
1992,10,0.3011,1.1633986928104575e-05
1993,10,0.6519,1.1623093681917211e-05
1994,10,0.403,1.1612200435729847e-05
1995,10,0.4081,1.1601307189542483e-05
1996,10,0.4047,1.159041394335512e-05
1997,10,0.445,1.1579520697167756e-05
1998,10,0.5012,1.1568627450980392e-05
1999,10,0.2454,1.155773420479303e-05
2000,10,0.3335,1.1546840958605666e-05
2001,10,0.3573,1.1535947712418302e-05
2002,10,0.5614,1.1525054466230937e-05
2003,10,0.3908,1.1514161220043573e-05
2004,10,0.453,1.1503267973856209e-05
2005,10,1.0052,1.1492374727668845e-05
2006,10,0.3512,1.148148148148148e-05
2007,10,0.381,1.1470588235294117e-05
2008,10,0.4792,1.1459694989106754e-05
2009,10,0.3235,1.144880174291939e-05
2010,10,0.4128,1.1437908496732028e-05
2011,10,0.3037,1.1427015250544663e-05
2012,10,0.3834,1.14161220043573e-05
2013,10,0.4309,1.1405228758169935e-05
2014,10,0.2634,1.1394335511982571e-05
2015,10,0.3761,1.1383442265795207e-05
2016,10,0.4376,1.1372549019607843e-05
2017,10,0.3904,1.1361655773420479e-05
2018,10,0.4885,1.1350762527233114e-05
2019,10,0.3902,1.1339869281045752e-05
2020,10,0.3595,1.132897603485839e-05
2021,10,0.3541,1.1318082788671025e-05
2022,10,0.2581,1.1307189542483661e-05
2023,10,0.2937,1.1296296296296297e-05
2024,10,0.4006,1.1285403050108933e-05
2025,10,0.4993,1.1274509803921569e-05
2026,10,0.3289,1.1263616557734205e-05
2027,10,0.4231,1.125272331154684e-05
2028,10,0.4695,1.1241830065359476e-05
2029,10,0.4569,1.1230936819172112e-05
2030,10,0.4223,1.122004357298475e-05
2031,11,0.3634,1.1209150326797387e-05
2032,11,0.5123,1.1198257080610023e-05
2033,11,0.4873,1.1187363834422659e-05
2034,11,0.3799,1.1176470588235295e-05
2035,11,0.4753,1.116557734204793e-05
2036,11,0.4922,1.1154684095860567e-05
2037,11,0.4645,1.1143790849673202e-05
2038,11,0.4543,1.1132897603485838e-05
2039,11,0.2475,1.1122004357298474e-05
2040,11,0.3057,1.111111111111111e-05
2041,11,0.6573,1.1100217864923747e-05
2042,11,0.428,1.1089324618736385e-05
2043,11,0.3872,1.1078431372549021e-05
2044,11,0.2398,1.1067538126361657e-05
2045,11,0.6836,1.1056644880174293e-05
2046,11,0.6443,1.1045751633986928e-05
2047,11,0.4498,1.1034858387799564e-05
2048,11,0.9673,1.10239651416122e-05
2049,11,0.4292,1.1013071895424836e-05
2050,11,0.3503,1.1002178649237472e-05
2051,11,0.394,1.099128540305011e-05
2052,11,0.2569,1.0980392156862745e-05
2053,11,0.5508,1.0969498910675383e-05
2054,11,0.3447,1.0958605664488019e-05
2055,11,0.4512,1.0947712418300655e-05
2056,11,0.3325,1.093681917211329e-05
2057,11,0.2151,1.0925925925925926e-05
2058,11,0.4504,1.0915032679738562e-05
2059,11,0.574,1.0904139433551198e-05
2060,11,0.3358,1.0893246187363834e-05
2061,11,0.4266,1.0882352941176471e-05
2062,11,0.2781,1.0871459694989107e-05
2063,11,0.3257,1.0860566448801743e-05
2064,11,0.4071,1.0849673202614379e-05
2065,11,0.3504,1.0838779956427016e-05
2066,11,0.3344,1.0827886710239652e-05
2067,11,0.3684,1.0816993464052288e-05
2068,11,0.5185,1.0806100217864924e-05
2069,11,0.5249,1.079520697167756e-05
2070,11,0.4126,1.0784313725490196e-05
2071,11,0.2689,1.0773420479302832e-05
2072,11,0.4297,1.0762527233115469e-05
2073,11,0.3597,1.0751633986928105e-05
2074,11,0.3648,1.074074074074074e-05
2075,11,0.6997,1.0729847494553377e-05
2076,11,0.3019,1.0718954248366014e-05
2077,11,0.2753,1.070806100217865e-05
2078,11,0.4174,1.0697167755991286e-05
2079,11,0.2877,1.0686274509803922e-05
2080,11,0.4749,1.0675381263616558e-05
2081,11,0.4045,1.0664488017429193e-05
2082,11,0.2376,1.0653594771241831e-05
2083,11,0.3306,1.0642701525054467e-05
2084,11,0.1737,1.0631808278867103e-05
2085,11,0.3012,1.0620915032679739e-05
2086,11,0.4985,1.0610021786492374e-05
2087,11,0.551,1.0599128540305012e-05
2088,11,0.4415,1.0588235294117648e-05
2089,11,0.3449,1.0577342047930284e-05
2090,11,0.3888,1.056644880174292e-05
2091,11,0.3187,1.0555555555555555e-05
2092,11,0.4252,1.0544662309368193e-05
2093,11,0.4408,1.0533769063180829e-05
2094,11,0.3374,1.0522875816993465e-05
2095,11,0.5323,1.05119825708061e-05
2096,11,0.4732,1.0501089324618736e-05
2097,11,0.3546,1.0490196078431372e-05
2098,11,0.2986,1.0479302832244008e-05
2099,11,0.4839,1.0468409586056646e-05
2100,11,0.2443,1.0457516339869281e-05
2101,11,0.3108,1.0446623093681917e-05
2102,11,0.3433,1.0435729847494553e-05
2103,11,0.2518,1.042483660130719e-05
2104,11,0.4487,1.0413943355119827e-05
2105,11,0.4657,1.0403050108932462e-05
2106,11,0.3856,1.0392156862745098e-05
2107,11,0.6146,1.0381263616557734e-05
2108,11,0.3071,1.037037037037037e-05
2109,11,0.4729,1.0359477124183006e-05
2110,11,0.2997,1.0348583877995643e-05
2111,11,0.625,1.033769063180828e-05
2112,11,0.6599,1.0326797385620915e-05
2113,11,0.3953,1.0315904139433553e-05
2114,11,0.3868,1.0305010893246188e-05
2115,11,0.3604,1.0294117647058824e-05
2116,11,0.3493,1.028322440087146e-05
2117,11,0.4257,1.0272331154684096e-05
2118,11,0.2536,1.0261437908496732e-05
2119,11,0.4005,1.0250544662309368e-05
2120,11,0.2786,1.0239651416122004e-05
2121,11,0.4167,1.022875816993464e-05
2122,11,0.3632,1.0217864923747277e-05
2123,11,0.3082,1.0206971677559913e-05
2124,11,0.3511,1.019607843137255e-05
2125,11,0.6166,1.0185185185185186e-05
2126,11,0.4747,1.0174291938997822e-05
2127,11,0.5007,1.0163398692810458e-05
2128,11,0.4704,1.0152505446623094e-05
2129,11,0.2806,1.014161220043573e-05
2130,11,0.415,1.0130718954248366e-05
2131,11,0.5931,1.0119825708061001e-05
2132,11,0.5137,1.0108932461873637e-05
2133,11,0.1858,1.0098039215686275e-05
2134,11,0.3883,1.0087145969498912e-05
2135,11,0.4242,1.0076252723311548e-05
2136,11,0.486,1.0065359477124184e-05
2137,11,0.3439,1.005446623093682e-05
2138,11,0.333,1.0043572984749456e-05
2139,11,0.5523,1.0032679738562092e-05
2140,11,0.4291,1.0021786492374727e-05
2141,11,0.3367,1.0010893246187363e-05
2142,11,0.4242,9.999999999999999e-06
2143,11,0.2903,9.989106753812635e-06
2144,11,0.346,9.978213507625274e-06
2145,11,0.4281,9.96732026143791e-06
2146,11,0.617,9.956427015250546e-06
2147,11,0.5543,9.945533769063182e-06
2148,11,0.4802,9.934640522875818e-06
2149,11,0.6024,9.923747276688453e-06
2150,11,0.447,9.91285403050109e-06
2151,11,0.4515,9.901960784313725e-06
2152,11,0.2283,9.891067538126361e-06
2153,11,0.5613,9.880174291938997e-06
2154,11,0.5117,9.869281045751633e-06
2155,11,0.4024,9.85838779956427e-06
2156,11,0.3067,9.847494553376908e-06
2157,11,0.3523,9.836601307189544e-06
2158,11,0.3799,9.82570806100218e-06
2159,11,0.3622,9.814814814814815e-06
2160,11,0.405,9.803921568627451e-06
2161,11,0.4602,9.793028322440087e-06
2162,11,0.5456,9.782135076252723e-06
2163,11,0.4064,9.771241830065359e-06
2164,11,0.3727,9.760348583877995e-06
2165,11,0.4906,9.749455337690632e-06
2166,11,0.5715,9.738562091503268e-06
2167,11,0.3739,9.727668845315906e-06
2168,11,0.4775,9.716775599128541e-06
2169,11,0.6139,9.705882352941177e-06
2170,11,0.4652,9.694989106753813e-06
2171,11,0.6251,9.684095860566449e-06
2172,11,0.5182,9.673202614379085e-06
2173,11,0.4851,9.66230936819172e-06
2174,11,0.5549,9.651416122004357e-06
2175,11,0.3219,9.640522875816994e-06
2176,11,0.5016,9.62962962962963e-06
2177,11,0.4529,9.618736383442266e-06
2178,11,0.2741,9.607843137254902e-06
2179,11,0.4834,9.59694989106754e-06
2180,11,0.3018,9.586056644880175e-06
2181,11,0.3787,9.575163398692811e-06
2182,11,0.3919,9.564270152505447e-06
2183,11,0.3281,9.553376906318083e-06
2184,11,0.3829,9.542483660130718e-06
2185,11,0.448,9.531590413943354e-06
2186,11,0.5796,9.520697167755992e-06
2187,11,0.2732,9.509803921568628e-06
2188,11,0.7354,9.498910675381264e-06
2189,11,0.7921,9.4880174291939e-06
2190,11,0.408,9.477124183006537e-06
2191,11,0.3934,9.466230936819173e-06
2192,11,0.3262,9.455337690631809e-06
2193,11,0.2902,9.444444444444445e-06
2194,11,0.4341,9.43355119825708e-06
2195,11,0.5005,9.422657952069716e-06
2196,11,0.5071,9.411764705882354e-06
2197,11,0.2426,9.40087145969499e-06
2198,11,0.5603,9.389978213507626e-06
2199,11,0.3427,9.379084967320261e-06
2200,11,0.5795,9.368191721132897e-06
2201,11,0.4532,9.357298474945535e-06
2202,11,0.53,9.34640522875817e-06
2203,11,0.4464,9.335511982570806e-06
2204,11,0.4418,9.324618736383442e-06
2205,11,0.4625,9.313725490196078e-06
2206,11,0.4778,9.302832244008716e-06
2207,11,0.3557,9.291938997821352e-06
2208,11,0.3617,9.281045751633987e-06
2209,11,0.4636,9.270152505446623e-06
2210,11,0.6097,9.259259259259259e-06
2211,11,0.4148,9.248366013071895e-06
2212,11,0.3178,9.23747276688453e-06
2213,11,0.3655,9.226579520697168e-06
2214,11,0.2982,9.215686274509804e-06
2215,11,0.5582,9.20479302832244e-06
2216,11,0.3973,9.193899782135076e-06
2217,11,0.3979,9.183006535947713e-06
2218,11,0.3121,9.17211328976035e-06
2219,11,0.4737,9.161220043572985e-06
2220,11,0.3161,9.150326797385621e-06
2221,11,0.3443,9.139433551198257e-06
2222,11,0.2911,9.128540305010893e-06
2223,11,0.3958,9.117647058823529e-06
2224,11,0.374,9.106753812636166e-06
2225,11,0.3826,9.095860566448802e-06
2226,11,0.5331,9.084967320261438e-06
2227,11,0.408,9.074074074074075e-06
2228,11,0.5223,9.063180827886711e-06
2229,11,0.2754,9.052287581699347e-06
2230,11,0.536,9.041394335511983e-06
2231,11,0.2993,9.030501089324619e-06
2232,11,0.3576,9.019607843137255e-06
2233,11,0.4959,9.00871459694989e-06
2234,12,0.3606,8.997821350762526e-06
2235,12,0.2568,8.986928104575164e-06
2236,12,0.3806,8.9760348583878e-06
2237,12,0.4859,8.965141612200437e-06
2238,12,0.3242,8.954248366013073e-06
2239,12,0.7014,8.943355119825709e-06
2240,12,0.4141,8.932461873638345e-06
2241,12,0.5122,8.92156862745098e-06
2242,12,0.3513,8.910675381263617e-06
2243,12,0.4353,8.899782135076252e-06
2244,12,0.8382,8.888888888888888e-06
2245,12,0.592,8.877995642701524e-06
2246,12,0.4096,8.86710239651416e-06
2247,12,0.5728,8.856209150326798e-06
2248,12,0.3592,8.845315904139435e-06
2249,12,0.3815,8.834422657952071e-06
2250,12,0.4638,8.823529411764707e-06
2251,12,0.3056,8.812636165577343e-06
2252,12,0.3874,8.801742919389979e-06
2253,12,0.4996,8.790849673202614e-06
2254,12,0.2875,8.77995642701525e-06
2255,12,0.3387,8.769063180827886e-06
2256,12,0.2849,8.758169934640522e-06
2257,12,0.455,8.747276688453158e-06
2258,12,0.3663,8.736383442265797e-06
2259,12,0.3379,8.725490196078433e-06
2260,12,0.2839,8.714596949891069e-06
2261,12,0.4555,8.703703703703705e-06
2262,12,0.442,8.69281045751634e-06
2263,12,0.4332,8.681917211328976e-06
2264,12,0.3343,8.671023965141612e-06
2265,12,0.2807,8.660130718954248e-06
2266,12,0.4199,8.649237472766884e-06
2267,12,0.3629,8.63834422657952e-06
2268,12,0.3366,8.627450980392157e-06
2269,12,0.3509,8.616557734204793e-06
2270,12,0.4384,8.60566448801743e-06
2271,12,0.3421,8.594771241830066e-06
2272,12,0.2975,8.583877995642702e-06
2273,12,0.4714,8.572984749455338e-06
2274,12,0.5901,8.562091503267974e-06
2275,12,0.4699,8.55119825708061e-06
2276,12,0.3808,8.540305010893246e-06
2277,12,0.6239,8.529411764705882e-06
2278,12,0.4369,8.518518518518517e-06
2279,12,0.1919,8.507625272331155e-06
2280,12,0.6802,8.496732026143791e-06
2281,12,0.3503,8.485838779956428e-06
2282,12,0.4118,8.474945533769064e-06
2283,12,0.4864,8.4640522875817e-06
2284,12,0.4514,8.453159041394336e-06
2285,12,0.3915,8.442265795206972e-06
2286,12,0.3854,8.431372549019608e-06
2287,12,0.5047,8.420479302832244e-06
2288,12,0.3744,8.40958605664488e-06
2289,12,1.0067,8.398692810457517e-06
2290,12,0.3393,8.387799564270153e-06
2291,12,0.5303,8.376906318082789e-06
2292,12,0.4753,8.366013071895426e-06
2293,12,0.3827,8.355119825708062e-06
2294,12,0.357,8.344226579520698e-06
2295,12,0.4474,8.333333333333334e-06
2296,12,0.2988,8.32244008714597e-06
2297,12,0.4061,8.311546840958605e-06
2298,12,0.3012,8.300653594771241e-06
2299,12,0.4035,8.289760348583877e-06
2300,12,0.2686,8.278867102396515e-06
2301,12,0.5341,8.26797385620915e-06
2302,12,0.6031,8.257080610021786e-06
2303,12,0.6751,8.246187363834422e-06
2304,12,0.2834,8.23529411764706e-06
2305,12,0.3419,8.224400871459696e-06
2306,12,0.5967,8.213507625272332e-06
2307,12,0.3401,8.202614379084967e-06
2308,12,0.3967,8.191721132897603e-06
2309,12,0.3887,8.180827886710239e-06
2310,12,0.3745,8.169934640522877e-06
2311,12,0.2852,8.159041394335512e-06
2312,12,0.2555,8.148148148148148e-06
2313,12,0.4548,8.137254901960784e-06
2314,12,0.369,8.12636165577342e-06
2315,12,0.633,8.115468409586058e-06
2316,12,0.4944,8.104575163398693e-06
2317,12,0.3891,8.09368191721133e-06
2318,12,0.3572,8.082788671023965e-06
2319,12,0.3117,8.071895424836601e-06
2320,12,0.2992,8.061002178649239e-06
2321,12,0.4117,8.050108932461874e-06
2322,12,0.4389,8.03921568627451e-06
2323,12,0.3687,8.028322440087146e-06
2324,12,0.5019,8.017429193899782e-06
2325,12,0.4249,8.006535947712418e-06
2326,12,0.2464,7.995642701525055e-06
2327,12,0.291,7.984749455337691e-06
2328,12,0.3473,7.973856209150327e-06
2329,12,0.3851,7.962962962962963e-06
2330,12,0.3704,7.952069716775599e-06
2331,12,0.3837,7.941176470588236e-06
2332,12,0.5061,7.930283224400872e-06
2333,12,0.3861,7.919389978213508e-06
2334,12,0.3484,7.908496732026144e-06
2335,12,0.2736,7.89760348583878e-06
2336,12,0.4054,7.886710239651416e-06
2337,12,0.4718,7.875816993464051e-06
2338,12,0.4399,7.864923747276689e-06
2339,12,0.7891,7.854030501089325e-06
2340,12,0.2559,7.84313725490196e-06
2341,12,0.2451,7.832244008714598e-06
2342,12,0.5984,7.821350762527234e-06
2343,12,0.2955,7.81045751633987e-06
2344,12,0.2436,7.799564270152506e-06
2345,12,0.52,7.788671023965142e-06
2346,12,0.4439,7.777777777777777e-06
2347,12,0.5391,7.766884531590413e-06
2348,12,0.4096,7.75599128540305e-06
2349,12,0.5989,7.745098039215687e-06
2350,12,0.3524,7.734204793028323e-06
2351,12,0.4851,7.72331154684096e-06
2352,12,0.3457,7.712418300653596e-06
2353,12,0.3503,7.701525054466232e-06
2354,12,0.2014,7.690631808278868e-06
2355,12,0.3834,7.679738562091504e-06
2356,12,0.3064,7.66884531590414e-06
2357,12,0.3324,7.657952069716775e-06
2358,12,0.5442,7.647058823529411e-06
2359,12,0.3577,7.636165577342047e-06
2360,12,0.4724,7.625272331154684e-06
2361,12,0.425,7.614379084967321e-06
2362,12,0.2709,7.603485838779957e-06
2363,12,0.369,7.592592592592593e-06
2364,12,0.4506,7.58169934640523e-06
2365,12,0.4204,7.5708061002178655e-06
2366,12,0.4058,7.559912854030501e-06
2367,12,0.4859,7.549019607843137e-06
2368,12,0.6893,7.538126361655773e-06
2369,12,0.436,7.52723311546841e-06
2370,12,0.4614,7.5163398692810456e-06
2371,12,0.3155,7.505446623093681e-06
2372,12,0.4288,7.494553376906318e-06
2373,12,0.2571,7.483660130718954e-06
2374,12,0.2969,7.47276688453159e-06
2375,12,0.3297,7.461873638344227e-06
2376,12,0.5906,7.450980392156863e-06
2377,12,0.3469,7.440087145969499e-06
2378,12,0.4515,7.429193899782135e-06
2379,12,0.3015,7.418300653594771e-06
2380,12,0.3448,7.4074074074074075e-06
2381,12,0.4049,7.396514161220044e-06
2382,12,0.5058,7.38562091503268e-06
2383,12,0.27,7.374727668845316e-06
2384,12,0.4869,7.363834422657952e-06
2385,12,0.2759,7.3529411764705884e-06
2386,12,0.3548,7.342047930283225e-06
2387,12,0.3594,7.331154684095861e-06
2388,12,0.4655,7.320261437908497e-06
2389,12,0.3881,7.309368191721133e-06
2390,12,0.3665,7.298474945533769e-06
2391,12,0.1514,7.287581699346405e-06
2392,12,0.1986,7.276688453159042e-06
2393,12,0.4128,7.265795206971678e-06
2394,12,0.3535,7.254901960784314e-06
2395,12,0.3655,7.24400871459695e-06
2396,12,0.3671,7.233115468409586e-06
2397,12,0.3191,7.222222222222222e-06
2398,12,0.2884,7.211328976034859e-06
2399,12,0.6829,7.200435729847495e-06
2400,12,0.3096,7.189542483660131e-06
2401,12,0.4093,7.178649237472767e-06
2402,12,0.3872,7.167755991285403e-06
2403,12,0.4227,7.15686274509804e-06
2404,12,0.4264,7.1459694989106756e-06
2405,12,0.3822,7.1350762527233114e-06
2406,12,0.549,7.124183006535948e-06
2407,12,0.4119,7.113289760348584e-06
2408,12,0.3237,7.10239651416122e-06
2409,12,0.3807,7.0915032679738565e-06
2410,12,0.4217,7.080610021786492e-06
2411,12,0.2994,7.069716775599129e-06
2412,12,0.4518,7.058823529411765e-06
2413,12,0.5146,7.047930283224401e-06
2414,12,0.5606,7.037037037037037e-06
2415,12,0.5535,7.026143790849673e-06
2416,12,0.2506,7.01525054466231e-06
2417,12,0.2943,7.004357298474946e-06
2418,12,0.4521,6.993464052287582e-06
2419,12,0.6364,6.982570806100218e-06
2420,12,0.3993,6.971677559912854e-06
2421,12,0.3281,6.960784313725491e-06
2422,12,0.2846,6.949891067538127e-06
2423,12,0.2991,6.938997821350763e-06
2424,12,0.3643,6.9281045751633986e-06
2425,12,0.4886,6.917211328976034e-06
2426,12,0.3595,6.906318082788672e-06
2427,12,0.4233,6.895424836601308e-06
2428,12,0.5731,6.884531590413944e-06
2429,12,0.3642,6.8736383442265795e-06
2430,12,0.345,6.862745098039215e-06
2431,12,0.953,6.851851851851852e-06
2432,12,0.4907,6.840958605664489e-06
2433,12,0.5852,6.830065359477125e-06
2434,12,0.379,6.8191721132897605e-06
2435,12,0.7403,6.808278867102396e-06
2436,12,0.3407,6.797385620915032e-06
2437,13,0.511,6.78649237472767e-06
2438,13,0.2334,6.775599128540306e-06
2439,13,0.2907,6.7647058823529414e-06
2440,13,0.3349,6.753812636165577e-06
2441,13,0.5091,6.742919389978213e-06
2442,13,0.4714,6.73202614379085e-06
2443,13,0.4454,6.7211328976034865e-06
2444,13,0.523,6.710239651416122e-06
2445,13,0.3374,6.699346405228758e-06
2446,13,0.309,6.688453159041394e-06
2447,13,0.699,6.677559912854031e-06
2448,13,0.3303,6.666666666666667e-06
2449,13,0.3885,6.655773420479303e-06
2450,13,0.375,6.644880174291939e-06
2451,13,0.4633,6.633986928104575e-06
2452,13,0.3077,6.623093681917212e-06
2453,13,0.3779,6.612200435729848e-06
2454,13,0.4782,6.6013071895424835e-06
2455,13,0.3665,6.59041394335512e-06
2456,13,0.299,6.579520697167756e-06
2457,13,0.3514,6.568627450980393e-06
2458,13,0.4608,6.5577342047930286e-06
2459,13,0.4317,6.546840958605664e-06
2460,13,0.3078,6.535947712418301e-06
2461,13,0.5535,6.525054466230937e-06
2462,13,0.4664,6.514161220043573e-06
2463,13,0.4668,6.5032679738562095e-06
2464,13,0.4369,6.492374727668845e-06
2465,13,0.5937,6.481481481481481e-06
2466,13,0.2213,6.470588235294118e-06
2467,13,0.4158,6.459694989106754e-06
2468,13,0.4698,6.4488017429193905e-06
2469,13,0.479,6.437908496732026e-06
2470,13,0.5273,6.427015250544662e-06
2471,13,0.3028,6.416122004357298e-06
2472,13,0.3781,6.405228758169935e-06
2473,13,0.4551,6.3943355119825714e-06
2474,13,0.264,6.383442265795207e-06
2475,13,0.2944,6.372549019607843e-06
2476,13,0.3779,6.361655773420479e-06
2477,13,0.3485,6.350762527233116e-06
2478,13,0.3074,6.339869281045752e-06
2479,13,0.4083,6.328976034858388e-06
2480,13,0.3842,6.318082788671024e-06
2481,13,0.3761,6.30718954248366e-06
2482,13,0.349,6.296296296296296e-06
2483,13,0.2895,6.285403050108933e-06
2484,13,0.2882,6.274509803921569e-06
2485,13,0.2712,6.263616557734205e-06
2486,13,0.6628,6.252723311546841e-06
2487,13,0.4055,6.241830065359477e-06
2488,13,0.3569,6.2309368191721135e-06
2489,13,0.3573,6.22004357298475e-06
2490,13,0.355,6.209150326797386e-06
2491,13,0.4255,6.198257080610022e-06
2492,13,0.2808,6.187363834422658e-06
2493,13,0.2684,6.176470588235294e-06
2494,13,0.3129,6.165577342047931e-06
2495,13,0.3756,6.154684095860567e-06
2496,13,0.4645,6.143790849673203e-06
2497,13,0.4083,6.132897603485839e-06
2498,13,0.3755,6.1220043572984745e-06
2499,13,0.4139,6.111111111111111e-06
2500,13,0.5066,6.100217864923748e-06
2501,13,0.4165,6.089324618736384e-06
2502,13,0.4279,6.07843137254902e-06
2503,13,0.2857,6.0675381263616555e-06
2504,13,0.3056,6.056644880174292e-06
2505,13,0.5119,6.045751633986928e-06
2506,13,0.4034,6.034858387799565e-06
2507,13,0.3063,6.023965141612201e-06
2508,13,0.4741,6.0130718954248365e-06
2509,13,0.4331,6.002178649237473e-06
2510,13,0.3736,5.991285403050109e-06
2511,13,0.6687,5.980392156862746e-06
2512,13,0.2626,5.9694989106753816e-06
2513,13,0.468,5.958605664488017e-06
2514,13,0.3023,5.947712418300654e-06
2515,13,0.5202,5.93681917211329e-06
2516,13,0.3058,5.925925925925926e-06
2517,13,0.6273,5.9150326797385625e-06
2518,13,0.4748,5.904139433551198e-06
2519,13,0.3789,5.893246187363834e-06
2520,13,0.2575,5.882352941176471e-06
2521,13,0.3145,5.871459694989107e-06
2522,13,0.3991,5.860566448801743e-06
2523,13,0.3635,5.849673202614379e-06
2524,13,0.3489,5.838779956427015e-06
2525,13,0.4185,5.827886710239652e-06
2526,13,0.4452,5.816993464052288e-06
2527,13,0.3387,5.806100217864924e-06
2528,13,0.4113,5.79520697167756e-06
2529,13,0.3455,5.784313725490196e-06
2530,13,0.3512,5.773420479302833e-06
2531,13,0.2395,5.762527233115469e-06
2532,13,0.4068,5.7516339869281045e-06
2533,13,0.2486,5.74074074074074e-06
2534,13,0.3326,5.729847494553377e-06
2535,13,0.2914,5.718954248366014e-06
2536,13,0.5706,5.70806100217865e-06
2537,13,0.3468,5.6971677559912855e-06
2538,13,0.438,5.686274509803921e-06
2539,13,0.4391,5.675381263616557e-06
2540,13,0.2945,5.664488017429195e-06
2541,13,0.4523,5.653594771241831e-06
2542,13,0.309,5.6427015250544665e-06
2543,13,0.5308,5.631808278867102e-06
2544,13,0.3481,5.620915032679738e-06
2545,13,0.5189,5.610021786492375e-06
2546,13,0.3007,5.5991285403050116e-06
2547,13,0.3733,5.588235294117647e-06
2548,13,0.3751,5.577342047930283e-06
2549,13,0.5515,5.566448801742919e-06
2550,13,0.501,5.555555555555555e-06
2551,13,0.3591,5.5446623093681925e-06
2552,13,0.4145,5.533769063180828e-06
2553,13,0.4135,5.522875816993464e-06
2554,13,0.3371,5.5119825708061e-06
2555,13,0.5489,5.501089324618736e-06
2556,13,0.3271,5.490196078431373e-06
2557,13,0.4048,5.479302832244009e-06
2558,13,0.3594,5.468409586056645e-06
2559,13,0.2804,5.457516339869281e-06
2560,13,0.28,5.446623093681917e-06
2561,13,0.2847,5.435729847494554e-06
2562,13,0.5833,5.4248366013071894e-06
2563,13,0.3933,5.413943355119826e-06
2564,13,0.56,5.403050108932462e-06
2565,13,0.4183,5.392156862745098e-06
2566,13,0.2723,5.3812636165577345e-06
2567,13,0.8234,5.37037037037037e-06
2568,13,0.6619,5.359477124183007e-06
2569,13,0.3336,5.348583877995643e-06
2570,13,0.4917,5.337690631808279e-06
2571,13,0.2299,5.3267973856209155e-06
2572,13,0.4059,5.315904139433551e-06
2573,13,0.4666,5.305010893246187e-06
2574,13,0.5015,5.294117647058824e-06
2575,13,0.5477,5.28322440087146e-06
2576,13,0.6805,5.2723311546840965e-06
2577,13,0.3548,5.261437908496732e-06
2578,13,0.602,5.250544662309368e-06
2579,13,0.3481,5.239651416122004e-06
2580,13,0.3078,5.228758169934641e-06
2581,13,0.3546,5.2178649237472766e-06
2582,13,0.3151,5.206971677559913e-06
2583,13,0.4501,5.196078431372549e-06
2584,13,0.5042,5.185185185185185e-06
2585,13,0.2723,5.174291938997822e-06
2586,13,0.2594,5.1633986928104575e-06
2587,13,0.2628,5.152505446623094e-06
2588,13,0.5336,5.14161220043573e-06
2589,13,0.3719,5.130718954248366e-06
2590,13,0.3514,5.119825708061002e-06
2591,13,0.2913,5.1089324618736385e-06
2592,13,0.4205,5.098039215686275e-06
2593,13,0.4905,5.087145969498911e-06
2594,13,0.4758,5.076252723311547e-06
2595,13,0.5113,5.065359477124183e-06
2596,13,0.235,5.054466230936819e-06
2597,13,0.3485,5.043572984749456e-06
2598,13,0.3858,5.032679738562092e-06
2599,13,0.2714,5.021786492374728e-06
2600,13,0.4268,5.010893246187364e-06
2601,13,0.4439,4.9999999999999996e-06
2602,13,0.3295,4.989106753812637e-06
2603,13,0.4157,4.978213507625273e-06
2604,13,0.3385,4.967320261437909e-06
2605,13,0.4673,4.956427015250545e-06
2606,13,0.3008,4.9455337690631805e-06
2607,13,0.6853,4.934640522875816e-06
2608,13,0.3698,4.923747276688454e-06
2609,13,0.3662,4.91285403050109e-06
2610,13,0.5938,4.901960784313726e-06
2611,13,0.3509,4.8910675381263615e-06
2612,13,0.4323,4.880174291938997e-06
2613,13,0.2458,4.869281045751634e-06
2614,13,0.4596,4.858387799564271e-06
2615,13,0.6244,4.847494553376907e-06
2616,13,0.3494,4.8366013071895424e-06
2617,13,0.5126,4.825708061002178e-06
2618,13,0.4288,4.814814814814815e-06
2619,13,0.2296,4.803921568627451e-06
2620,13,0.335,4.7930283224400875e-06
2621,13,0.378,4.782135076252723e-06
2622,13,0.3874,4.771241830065359e-06
2623,13,0.4059,4.760348583877996e-06
2624,13,0.376,4.749455337690632e-06
2625,13,0.4176,4.7385620915032685e-06
2626,13,0.4743,4.727668845315904e-06
2627,13,0.3701,4.71677559912854e-06
2628,13,0.2798,4.705882352941177e-06
2629,13,0.3382,4.694989106753813e-06
2630,13,0.4114,4.684095860566449e-06
2631,13,0.2951,4.673202614379085e-06
2632,13,0.6123,4.662309368191721e-06
2633,13,0.5778,4.651416122004358e-06
2634,13,0.343,4.640522875816994e-06
2635,13,0.3492,4.6296296296296296e-06
2636,13,0.2606,4.618736383442265e-06
2637,13,0.374,4.607843137254902e-06
2638,13,0.3179,4.596949891067538e-06
2639,13,0.4263,4.586056644880175e-06
2640,14,0.4945,4.5751633986928105e-06
2641,14,0.6724,4.564270152505446e-06
2642,14,0.4165,4.553376906318083e-06
2643,14,0.4468,4.542483660130719e-06
2644,14,0.4354,4.531590413943356e-06
2645,14,0.2961,4.5206971677559915e-06
2646,14,0.519,4.509803921568627e-06
2647,14,0.4029,4.498910675381263e-06
2648,14,0.463,4.4880174291939e-06
2649,14,0.6896,4.477124183006537e-06
2650,14,0.4258,4.4662309368191724e-06
2651,14,0.5945,4.455337690631808e-06
2652,14,0.3156,4.444444444444444e-06
2653,14,0.4781,4.43355119825708e-06
2654,14,0.3762,4.4226579520697175e-06
2655,14,0.5464,4.411764705882353e-06
2656,14,0.3791,4.400871459694989e-06
2657,14,0.433,4.389978213507625e-06
2658,14,0.4292,4.379084967320261e-06
2659,14,0.4727,4.3681917211328985e-06
2660,14,0.3843,4.357298474945534e-06
2661,14,0.4147,4.34640522875817e-06
2662,14,0.4503,4.335511982570806e-06
2663,14,0.3254,4.324618736383442e-06
2664,14,0.3647,4.313725490196079e-06
2665,14,0.4177,4.302832244008715e-06
2666,14,0.2964,4.291938997821351e-06
2667,14,0.4187,4.281045751633987e-06
2668,14,0.5055,4.270152505446623e-06
2669,14,0.6603,4.259259259259259e-06
2670,14,0.4245,4.2483660130718954e-06
2671,14,0.573,4.237472766884532e-06
2672,14,0.305,4.226579520697168e-06
2673,14,0.2087,4.215686274509804e-06
2674,14,0.4856,4.20479302832244e-06
2675,14,0.4569,4.193899782135076e-06
2676,14,0.4028,4.183006535947713e-06
2677,14,0.4962,4.172113289760349e-06
2678,14,0.3725,4.161220043572985e-06
2679,14,0.7011,4.150326797385621e-06
2680,14,0.5254,4.139433551198257e-06
2681,14,0.3686,4.128540305010893e-06
2682,14,0.5571,4.11764705882353e-06
2683,14,0.2374,4.106753812636166e-06
2684,14,0.4181,4.095860566448802e-06
2685,14,0.5053,4.084967320261438e-06
2686,14,0.4431,4.074074074074074e-06
2687,14,0.3858,4.06318082788671e-06
2688,14,0.3723,4.052287581699347e-06
2689,14,0.346,4.0413943355119826e-06
2690,14,0.4282,4.030501089324619e-06
2691,14,0.4384,4.019607843137255e-06
2692,14,0.2167,4.008714596949891e-06
2693,14,0.3042,3.997821350762528e-06
2694,14,0.2932,3.9869281045751635e-06
2695,14,0.481,3.976034858387799e-06
2696,14,0.457,3.965141612200436e-06
2697,14,0.2957,3.954248366013072e-06
2698,14,0.4677,3.943355119825708e-06
2699,14,0.247,3.9324618736383445e-06
2700,14,0.2834,3.92156862745098e-06
2701,14,0.5103,3.910675381263617e-06
2702,14,0.4012,3.899782135076253e-06
2703,14,0.3708,3.888888888888889e-06
2704,14,0.3115,3.877995642701525e-06
2705,14,0.3016,3.867102396514161e-06
2706,14,0.3421,3.856209150326798e-06
2707,14,0.4235,3.845315904139434e-06
2708,14,0.4176,3.83442265795207e-06
2709,14,0.3279,3.8235294117647055e-06
2710,14,0.3614,3.812636165577342e-06
2711,14,0.3908,3.8017429193899785e-06
2712,14,0.363,3.790849673202615e-06
2713,14,0.3907,3.7799564270152507e-06
2714,14,0.3728,3.7690631808278865e-06
2715,14,0.3942,3.7581699346405228e-06
2716,14,0.4959,3.747276688453159e-06
2717,14,0.435,3.736383442265795e-06
2718,14,0.5615,3.7254901960784316e-06
2719,14,0.3029,3.7145969498910675e-06
2720,14,0.4268,3.7037037037037037e-06
2721,14,0.4191,3.69281045751634e-06
2722,14,0.3294,3.681917211328976e-06
2723,14,0.4325,3.6710239651416126e-06
2724,14,0.3003,3.6601307189542484e-06
2725,14,0.2375,3.6492374727668847e-06
2726,14,0.6695,3.638344226579521e-06
2727,14,0.3517,3.627450980392157e-06
2728,14,0.5283,3.616557734204793e-06
2729,14,0.5974,3.6056644880174294e-06
2730,14,0.3836,3.5947712418300657e-06
2731,14,0.3576,3.5838779956427015e-06
2732,14,0.2455,3.5729847494553378e-06
2733,14,0.4632,3.562091503267974e-06
2734,14,0.3821,3.55119825708061e-06
2735,14,0.4077,3.540305010893246e-06
2736,14,0.3881,3.5294117647058825e-06
2737,14,0.4241,3.5185185185185183e-06
2738,14,0.475,3.507625272331155e-06
2739,14,0.3675,3.496732026143791e-06
2740,14,0.3672,3.485838779956427e-06
2741,14,0.4601,3.4749455337690634e-06
2742,14,0.5042,3.4640522875816993e-06
2743,14,1.712,3.453159041394336e-06
2744,14,0.4653,3.442265795206972e-06
2745,14,0.2594,3.4313725490196077e-06
2746,14,0.3791,3.4204793028322444e-06
2747,14,0.5456,3.4095860566448802e-06
2748,14,0.4162,3.398692810457516e-06
2749,14,0.3966,3.387799564270153e-06
2750,14,0.2959,3.3769063180827886e-06
2751,14,0.3554,3.366013071895425e-06
2752,14,0.2818,3.355119825708061e-06
2753,14,0.88,3.344226579520697e-06
2754,14,0.4093,3.3333333333333333e-06
2755,14,0.2586,3.3224400871459696e-06
2756,14,0.3704,3.311546840958606e-06
2757,14,0.3445,3.3006535947712417e-06
2758,14,0.3462,3.289760348583878e-06
2759,14,0.4126,3.2788671023965143e-06
2760,14,0.3103,3.2679738562091506e-06
2761,14,0.5081,3.2570806100217864e-06
2762,14,0.3091,3.2461873638344227e-06
2763,14,0.2979,3.235294117647059e-06
2764,14,0.3121,3.2244008714596952e-06
2765,14,0.3038,3.213507625272331e-06
2766,14,0.4717,3.2026143790849674e-06
2767,14,0.3594,3.1917211328976036e-06
2768,14,0.3172,3.1808278867102395e-06
2769,14,0.2655,3.169934640522876e-06
2770,14,0.3953,3.159041394335512e-06
2771,14,0.5217,3.148148148148148e-06
2772,14,0.3061,3.1372549019607846e-06
2773,14,0.7503,3.1263616557734205e-06
2774,14,0.5313,3.1154684095860567e-06
2775,14,0.406,3.104575163398693e-06
2776,14,0.1902,3.093681917211329e-06
2777,14,0.2313,3.0827886710239656e-06
2778,14,0.4417,3.0718954248366014e-06
2779,14,0.2143,3.0610021786492373e-06
2780,14,0.4231,3.050108932461874e-06
2781,14,0.4245,3.03921568627451e-06
2782,14,0.5488,3.028322440087146e-06
2783,14,0.3582,3.0174291938997824e-06
2784,14,0.4189,3.0065359477124182e-06
2785,14,0.533,2.9956427015250545e-06
2786,14,0.3627,2.9847494553376908e-06
2787,14,0.2439,2.973856209150327e-06
2788,14,0.4611,2.962962962962963e-06
2789,14,0.309,2.952069716775599e-06
2790,14,0.3682,2.9411764705882355e-06
2791,14,0.2976,2.9302832244008713e-06
2792,14,0.4596,2.9193899782135076e-06
2793,14,0.4176,2.908496732026144e-06
2794,14,0.2555,2.89760348583878e-06
2795,14,0.3604,2.8867102396514164e-06
2796,14,0.289,2.8758169934640523e-06
2797,14,0.2558,2.8649237472766885e-06
2798,14,0.6256,2.854030501089325e-06
2799,14,0.4405,2.8431372549019607e-06
2800,14,0.4425,2.8322440087145974e-06
2801,14,0.3859,2.8213507625272332e-06
2802,14,0.4525,2.810457516339869e-06
2803,14,0.3646,2.7995642701525058e-06
2804,14,0.4247,2.7886710239651416e-06
2805,14,0.3168,2.7777777777777775e-06
2806,14,0.3697,2.766884531590414e-06
2807,14,0.348,2.75599128540305e-06
2808,14,0.3585,2.7450980392156863e-06
2809,14,0.8593,2.7342047930283226e-06
2810,14,0.3792,2.7233115468409584e-06
2811,14,0.4279,2.7124183006535947e-06
2812,14,0.3997,2.701525054466231e-06
2813,14,0.364,2.6906318082788673e-06
2814,14,0.4607,2.6797385620915036e-06
2815,14,0.2577,2.6688453159041394e-06
2816,14,0.4067,2.6579520697167757e-06
2817,14,0.8976,2.647058823529412e-06
2818,14,0.2981,2.6361655773420482e-06
2819,14,0.4559,2.625272331154684e-06
2820,14,0.3417,2.6143790849673204e-06
2821,14,0.326,2.6034858387799566e-06
2822,14,0.2892,2.5925925925925925e-06
2823,14,0.3429,2.5816993464052288e-06
2824,14,0.3705,2.570806100217865e-06
2825,14,0.4402,2.559912854030501e-06
2826,14,0.2676,2.5490196078431376e-06
2827,14,0.3023,2.5381263616557734e-06
2828,14,0.378,2.5272331154684093e-06
2829,14,0.2361,2.516339869281046e-06
2830,14,0.5835,2.505446623093682e-06
2831,14,0.2552,2.4945533769063186e-06
2832,14,0.3715,2.4836601307189544e-06
2833,14,0.2948,2.4727668845315903e-06
2834,14,0.3094,2.461873638344227e-06
2835,14,0.4141,2.450980392156863e-06
2836,14,0.4684,2.4400871459694987e-06
2837,14,0.1984,2.4291938997821354e-06
2838,14,0.2865,2.4183006535947712e-06
2839,14,0.7631,2.4074074074074075e-06
2840,14,0.568,2.3965141612200438e-06
2841,14,0.4535,2.3856209150326796e-06
2842,14,0.2467,2.374727668845316e-06
2843,15,0.3249,2.363834422657952e-06
2844,15,0.2593,2.3529411764705885e-06
2845,15,0.4099,2.3420479302832243e-06
2846,15,0.3233,2.3311546840958606e-06
2847,15,0.41,2.320261437908497e-06
2848,15,0.476,2.3093681917211327e-06
2849,15,0.6047,2.298474945533769e-06
2850,15,0.4746,2.2875816993464053e-06
2851,15,0.4217,2.2766884531590415e-06
2852,15,0.2855,2.265795206971678e-06
2853,15,0.417,2.2549019607843137e-06
2854,15,0.3333,2.24400871459695e-06
2855,15,0.3617,2.2331154684095862e-06
2856,15,0.3597,2.222222222222222e-06
2857,15,0.3897,2.2113289760348588e-06
2858,15,0.2938,2.2004357298474946e-06
2859,15,0.4624,2.1895424836601305e-06
2860,15,0.7439,2.178649237472767e-06
2861,15,0.2608,2.167755991285403e-06
2862,15,0.3045,2.1568627450980393e-06
2863,15,0.8205,2.1459694989106756e-06
2864,15,0.5941,2.1350762527233114e-06
2865,15,0.4871,2.1241830065359477e-06
2866,15,0.3622,2.113289760348584e-06
2867,15,0.4306,2.10239651416122e-06
2868,15,0.3625,2.0915032679738565e-06
2869,15,0.4548,2.0806100217864924e-06
2870,15,0.529,2.0697167755991287e-06
2871,15,0.3354,2.058823529411765e-06
2872,15,0.3565,2.047930283224401e-06
2873,15,0.3699,2.037037037037037e-06
2874,15,0.3399,2.0261437908496734e-06
2875,15,0.2272,2.0152505446623096e-06
2876,15,0.2483,2.0043572984749455e-06
2877,15,0.7033,1.9934640522875818e-06
2878,15,0.3012,1.982570806100218e-06
2879,15,0.4932,1.971677559912854e-06
2880,15,0.5253,1.96078431372549e-06
2881,15,0.5188,1.9498910675381264e-06
2882,15,0.6563,1.9389978213507623e-06
2883,15,0.3381,1.928104575163399e-06
2884,15,0.5494,1.917211328976035e-06
2885,15,0.3489,1.906318082788671e-06
2886,15,0.3716,1.8954248366013074e-06
2887,15,0.3705,1.8845315904139433e-06
2888,15,0.4221,1.8736383442265795e-06
2889,15,0.4715,1.8627450980392158e-06
2890,15,0.438,1.8518518518518519e-06
2891,15,0.4286,1.840958605664488e-06
2892,15,0.239,1.8300653594771242e-06
2893,15,0.2996,1.8191721132897605e-06
2894,15,0.3073,1.8082788671023966e-06
2895,15,0.4509,1.7973856209150328e-06
2896,15,0.4475,1.7864923747276689e-06
2897,15,0.2765,1.775599128540305e-06
2898,15,0.3593,1.7647058823529412e-06
2899,15,0.4009,1.7538126361655775e-06
2900,15,0.3432,1.7429193899782136e-06
2901,15,0.6064,1.7320261437908496e-06
2902,15,0.2868,1.721132897603486e-06
2903,15,0.4075,1.7102396514161222e-06
2904,15,0.4206,1.699346405228758e-06
2905,15,0.2943,1.6884531590413943e-06
2906,15,0.419,1.6775599128540306e-06
2907,15,0.5347,1.6666666666666667e-06
2908,15,0.2785,1.655773420479303e-06
2909,15,0.3951,1.644880174291939e-06
2910,15,0.3573,1.6339869281045753e-06
2911,15,0.3547,1.6230936819172113e-06
2912,15,0.5092,1.6122004357298476e-06
2913,15,0.4678,1.6013071895424837e-06
2914,15,0.5932,1.5904139433551197e-06
2915,15,0.5427,1.579520697167756e-06
2916,15,0.3488,1.5686274509803923e-06
2917,15,0.2851,1.5577342047930284e-06
2918,15,0.2923,1.5468409586056644e-06
2919,15,0.3901,1.5359477124183007e-06
2920,15,0.4682,1.525054466230937e-06
2921,15,0.4158,1.514161220043573e-06
2922,15,0.3709,1.5032679738562091e-06
2923,15,0.4753,1.4923747276688454e-06
2924,15,0.5181,1.4814814814814815e-06
2925,15,0.5511,1.4705882352941177e-06
2926,15,0.4358,1.4596949891067538e-06
2927,15,0.3174,1.44880174291939e-06
2928,15,0.5488,1.4379084967320261e-06
2929,15,0.6123,1.4270152505446624e-06
2930,15,0.3889,1.4161220043572987e-06
2931,15,0.5865,1.4052287581699345e-06
2932,15,0.3204,1.3943355119825708e-06
2933,15,0.5612,1.383442265795207e-06
2934,15,0.3743,1.3725490196078432e-06
2935,15,0.2683,1.3616557734204792e-06
2936,15,0.272,1.3507625272331155e-06
2937,15,0.4468,1.3398692810457518e-06
2938,15,0.3684,1.3289760348583878e-06
2939,15,0.2398,1.3180827886710241e-06
2940,15,0.2916,1.3071895424836602e-06
2941,15,0.4492,1.2962962962962962e-06
2942,15,0.5423,1.2854030501089325e-06
2943,15,0.467,1.2745098039215688e-06
2944,15,0.3366,1.2636165577342047e-06
2945,15,0.3149,1.252723311546841e-06
2946,15,0.4446,1.2418300653594772e-06
2947,15,1.1923,1.2309368191721135e-06
2948,15,0.3725,1.2200435729847493e-06
2949,15,0.2808,1.2091503267973856e-06
2950,15,0.4502,1.1982570806100219e-06
2951,15,0.2799,1.187363834422658e-06
2952,15,0.2264,1.1764705882352942e-06
2953,15,0.2173,1.1655773420479303e-06
2954,15,0.4194,1.1546840958605664e-06
2955,15,0.3531,1.1437908496732026e-06
2956,15,0.3963,1.132897603485839e-06
2957,15,0.31,1.122004357298475e-06
2958,15,0.4008,1.111111111111111e-06
2959,15,0.3969,1.1002178649237473e-06
2960,15,0.6195,1.0893246187363836e-06
2961,15,0.274,1.0784313725490197e-06
2962,15,0.3076,1.0675381263616557e-06
2963,15,0.3424,1.056644880174292e-06
2964,15,0.2509,1.0457516339869283e-06
2965,15,0.365,1.0348583877995643e-06
2966,15,0.4471,1.0239651416122004e-06
2967,15,0.4051,1.0130718954248367e-06
2968,15,0.4491,1.0021786492374727e-06
2969,15,0.3234,9.91285403050109e-07
2970,15,0.4243,9.80392156862745e-07
2971,15,0.2903,9.694989106753811e-07
2972,15,0.2697,9.586056644880174e-07
2973,15,0.4043,9.477124183006537e-07
2974,15,0.3488,9.368191721132898e-07
2975,15,0.2906,9.259259259259259e-07
2976,15,0.198,9.150326797385621e-07
2977,15,0.5019,9.041394335511983e-07
2978,15,0.3193,8.932461873638344e-07
2979,15,0.5119,8.823529411764706e-07
2980,15,0.4676,8.714596949891068e-07
2981,15,0.2769,8.60566448801743e-07
2982,15,0.2547,8.49673202614379e-07
2983,15,0.4059,8.387799564270153e-07
2984,15,0.3257,8.278867102396515e-07
2985,15,0.5337,8.169934640522876e-07
2986,15,0.3442,8.061002178649238e-07
2987,15,0.4262,7.952069716775599e-07
2988,15,0.4796,7.843137254901962e-07
2989,15,0.6273,7.734204793028322e-07
2990,15,0.3519,7.625272331154685e-07
2991,15,0.3567,7.516339869281046e-07
2992,15,0.5073,7.407407407407407e-07
2993,15,0.4751,7.298474945533769e-07
2994,15,0.3285,7.189542483660131e-07
2995,15,0.2892,7.080610021786493e-07
2996,15,0.4358,6.971677559912854e-07
2997,15,0.3343,6.862745098039216e-07
2998,15,0.2833,6.753812636165577e-07
2999,15,0.4915,6.644880174291939e-07
3000,15,0.2909,6.535947712418301e-07
3001,15,0.3348,6.427015250544663e-07
3002,15,0.2941,6.318082788671023e-07
3003,15,0.371,6.209150326797386e-07
3004,15,0.2895,6.100217864923747e-07
3005,15,0.5565,5.991285403050109e-07
3006,15,0.2806,5.882352941176471e-07
3007,15,0.5298,5.773420479302832e-07
3008,15,0.2866,5.664488017429195e-07
3009,15,0.4533,5.555555555555555e-07
3010,15,0.2221,5.446623093681918e-07
3011,15,0.386,5.337690631808279e-07
3012,15,0.3839,5.228758169934641e-07
3013,15,0.4764,5.119825708061002e-07
3014,15,0.2128,5.010893246187364e-07
3015,15,0.3663,4.901960784313725e-07
3016,15,0.3259,4.793028322440087e-07
3017,15,0.6675,4.684095860566449e-07
3018,15,0.3259,4.5751633986928105e-07
3019,15,0.1931,4.466230936819172e-07
3020,15,0.4262,4.357298474945534e-07
3021,15,0.3429,4.248366013071895e-07
3022,15,0.3563,4.1394335511982573e-07
3023,15,0.5115,4.030501089324619e-07
3024,15,0.3748,3.921568627450981e-07
3025,15,0.5969,3.8126361655773425e-07
3026,15,0.4356,3.7037037037037036e-07
3027,15,0.338,3.5947712418300653e-07
3028,15,0.2873,3.485838779956427e-07
3029,15,0.3073,3.376906318082789e-07
3030,15,0.6116,3.2679738562091505e-07
3031,15,0.3639,3.1590413943355116e-07
3032,15,0.3327,3.0501089324618733e-07
3033,15,0.282,2.9411764705882356e-07
3034,15,0.4878,2.8322440087145973e-07
3035,15,0.3858,2.723311546840959e-07
3036,15,0.3444,2.6143790849673207e-07
3037,15,0.4745,2.505446623093682e-07
3038,15,0.284,2.3965141612200436e-07
3039,15,0.4032,2.2875816993464053e-07
3040,15,0.6414,2.178649237472767e-07
3041,15,0.579,2.0697167755991287e-07
3042,15,0.4246,1.9607843137254904e-07
3043,15,0.2411,1.8518518518518518e-07
3044,15,0.5729,1.7429193899782135e-07
3045,15,0.5407,1.6339869281045752e-07
